work_id,title,otrostitulos,new_url,slug
VIVAS_AciagoMasDichoso(PrimeraParte)(Transk-MSS),"Aciago más dichoso, El (primera parte)",,https://etso.es/informes/analisis-estilometrico-el-aciago-mas-dichoso-primera-parte,analisis-estilometrico-el-aciago-mas-dichoso-primera-parte
VIVAS_AciagoMasDichoso(SegundaParte)(Transk-MSS),"Aciago más dichoso, El (segunda parte)",,https://etso.es/informes/analisis-estilometrico-el-aciago-mas-dichoso-segunda-parte,analisis-estilometrico-el-aciago-mas-dichoso-segunda-parte
GENIS_AdquirirParaReinar(Transk-IMPR),"Adquirir para reinar, triunfos de Felipe V y gloria de Gabriela",,https://etso.es/informes/analisis-estilometrico-adquirir-para-reinar-triunfos-de-felipe-v-y-gloria-de-gabriela,analisis-estilometrico-adquirir-para-reinar-triunfos-de-felipe-v-y-gloria-de-gabriela
LANINI&VILLARROEL_AfricanoNeronMuleyIsmael(Transk-MSS),"Africano Nerón, Muley Ismael, El",,https://etso.es/informes/analisis-estilometrico-el-africano-neron-muley-ismael,analisis-estilometrico-el-africano-neron-muley-ismael
VIDAL_AlamedaDeValencia(Transk-MSS),"Alameda de Valencia y confusión de un paseo, La",,https://etso.es/informes/analisis-estilometrico-la-alameda-de-valencia-y-confusion-de-un-paseo,analisis-estilometrico-la-alameda-de-valencia-y-confusion-de-un-paseo
LOPEdudosa_AllaDarasRayo,"Allá darás, rayo","A firma de labios, fuerza de brazos",https://etso.es/informes/analisis-estilometrico-alla-daras-rayo,analisis-estilometrico-alla-daras-rayo
CALDERON_AmarDespuesDeLaMuerte,Amar después de la muerte,"Tuzaní de las Alpujarras, El",https://etso.es/informes/analisis-estilometrico-amar-despues-de-la-muerte,analisis-estilometrico-amar-despues-de-la-muerte
LOPEdudosa_AmigosEnojados,"Amigos enojados, Los",,https://etso.es/informes/analisis-estilometrico-los-amigos-enojados,analisis-estilometrico-los-amigos-enojados
LOPEdudosa_AmorBandolero,"Amor bandolero, El",,https://etso.es/informes/analisis-estilometrico-el-amor-bandolero,analisis-estilometrico-el-amor-bandolero
DESCONOCIDO_AmorDestronaMonarcas(Transk-IMPR),Amor destrona monarcas y rey muerto por amor,,https://etso.es/informes/analisis-estilometrico-amor-destrona-monarcas-y-rey-muerto-por-amor,analisis-estilometrico-amor-destrona-monarcas-y-rey-muerto-por-amor
VIDAL_AmorEsEsclavitud(Transk-MSS),Amor es esclavitud,,https://etso.es/informes/analisis-estilometrico-amor-es-esclavitud,analisis-estilometrico-amor-es-esclavitud
LLAMOSAS_AmorIndustriaYPoder(Transk-IMPR),"Amor, industria y poder",,https://etso.es/informes/analisis-estilometrico-amor-industria-y-poder,analisis-estilometrico-amor-industria-y-poder
MATOS_AmorLealtadYVentura,"Amor, lealtad y ventura",,https://etso.es/informes/analisis-estilometrico-amor-lealtad-y-ventura,analisis-estilometrico-amor-lealtad-y-ventura
DESCONOCIDO_AmoresDelAlma(Auto)(Transk-MSS),Amores del alma con el príncipe de la luz,,https://etso.es/informes/analisis-estilometrico-amores-del-alma-con-el-principe-de-la-luz,analisis-estilometrico-amores-del-alma-con-el-principe-de-la-luz
MORALES_AmoresYLocurasDelCondeLoco,"Amores y locuras del conde loco, Los",,https://etso.es/informes/analisis-estilometrico-los-amores-y-locuras-del-conde-loco,analisis-estilometrico-los-amores-y-locuras-del-conde-loco
VELEZ_AmotinadosDeFlandes,"Amotinados de Flandes, Los",,https://etso.es/informes/analisis-estilometrico-los-amotinados-de-flandes,analisis-estilometrico-los-amotinados-de-flandes
DESCONOCIDO_ApoloElDeseado(Transk-MSS),Apolo el deseado,,https://etso.es/informes/analisis-estilometrico-apolo-el-deseado,analisis-estilometrico-apolo-el-deseado
LANINI&DIAMANTE_ApostolValencianoSanVicenteFerrer(Transk-MSS),"Apóstol de Valencia, San Vicente Ferrer, El",,https://etso.es/informes/analisis-estilometrico-el-apostol-de-valencia-san-vicente-ferrer,analisis-estilometrico-el-apostol-de-valencia-san-vicente-ferrer
ALFARO_AristomenesMesenio,Aristómenes Mesenio,Por el esfuerzo la dicha,https://etso.es/informes/analisis-estilometrico-aristomenes-mesenio,analisis-estilometrico-aristomenes-mesenio
DESCONOCIDO_AsedioYAsaltoDePeniscola(Transk-MSS),"Asedio y sitio de Peñíscola, El",,https://etso.es/informes/analisis-estilometrico-el-asedio-y-sitio-de-peniscola,analisis-estilometrico-el-asedio-y-sitio-de-peniscola
MANZANO_AsombroDeLaSierra(Transk-MSS),"Asombro de la sierra en milagros y devotos, Nuestra Señora de Hoyos, El",,https://etso.es/informes/analisis-estilometrico-el-asombro-de-la-sierra-en-milagros-y-devotos-nuestra-senora-de,analisis-estilometrico-el-asombro-de-la-sierra-en-milagros-y-devotos-nuestra-senora-de
TORRE-SEVIL_AzucenaDeEtiopiaLucesDeLaAurora(Transk-IMPR),"Azucena de Etiopía, La",Luces de la aurora,https://etso.es/informes/analisis-estilometrico-la-azucena-de-etiopia,analisis-estilometrico-la-azucena-de-etiopia
BARCENA_BabiloniaDeEuropa(Transk-IMPR),"Babilonia de Europa y primer rey de romanos, La",,https://etso.es/informes/analisis-estilometrico-la-babilonia-de-europa-y-primer-rey-de-romanos,analisis-estilometrico-la-babilonia-de-europa-y-primer-rey-de-romanos
DESCONOCIDO_BienNacidoEncubierto,"Bien nacido encubierto, El",,https://etso.es/informes/analisis-estilometrico-el-bien-nacido-encubierto,analisis-estilometrico-el-bien-nacido-encubierto
MIRAdudosa_CaballeroSinNombre,"Caballero sin nombre, El",,https://etso.es/informes/analisis-estilometrico-el-caballero-sin-nombre,analisis-estilometrico-el-caballero-sin-nombre
CUELLAR_CadaCualASuNegocio(Transk-IMPR),Cada cual a su negocio,Hacer cada uno lo que debe,https://etso.es/informes/analisis-estilometrico-cada-cual-a-su-negocio,analisis-estilometrico-cada-cual-a-su-negocio
MIRA_CapitanJepte,"Capitán Jepté, El","Hija de Jepté, La",https://etso.es/informes/analisis-estilometrico-el-capitan-jepte,analisis-estilometrico-el-capitan-jepte
DESCONOCIDO_CarreteroDeLaMancha,"Carretero de la Mancha, El",,https://etso.es/informes/analisis-estilometrico-el-carretero-de-la-mancha,analisis-estilometrico-el-carretero-de-la-mancha
CUBILLO_CasadosPorFuerzaEjemploDeDesdichasEnganoHacerVirtud(Transk-IMPR),"Casados por fuerza, y ejemplo de desdichas, Los",Del engaño hacer virtud,https://etso.es/informes/analisis-estilometrico-los-casados-por-fuerza-y-ejemplo-de-desdichas,analisis-estilometrico-los-casados-por-fuerza-y-ejemplo-de-desdichas
DESCONOCIDO_Casamentero,"Casamentero, El",,https://etso.es/informes/analisis-estilometrico-el-casamentero,analisis-estilometrico-el-casamentero
VELA_CasarsePorGolosina(Transk-IMPR),Casarse por golosina y refranes a trompón,,https://etso.es/informes/analisis-estilometrico-casarse-por-golosina-y-refranes-a-trompon,analisis-estilometrico-casarse-por-golosina-y-refranes-a-trompon
DESCONOCIDO_CastilloDeLaFe(Auto)(Transk-MSS),"Castillo de la fe, El",,https://etso.es/informes/analisis-estilometrico-el-castillo-de-la-fe,analisis-estilometrico-el-castillo-de-la-fe
VALDIVIELSO_CautivosLibres(Auto)(Modern-Aut),"Cautivos libres, Los",,https://etso.es/informes/analisis-estilometrico-los-cautivos-libres,analisis-estilometrico-los-cautivos-libres
COELLO_CelosHonorYCordura(Transk-IMPR),"Celos, horor y cordura",,https://etso.es/informes/analisis-estilometrico-celos-horor-y-cordura,analisis-estilometrico-celos-horor-y-cordura
DESCONOCIDO(3)_CieloPorLosCabellos(Transk-IMPR),"Cielo por los cabellos, Santa Inés, El",,https://etso.es/informes/analisis-estilometrico-el-cielo-por-los-cabellos-santa-ines,analisis-estilometrico-el-cielo-por-los-cabellos-santa-ines
MIRA_CisneDeAlejandriaProdigioDeEtiopia,"Cisne de Alejandría, El","Prodigio de Etiopia, El",https://etso.es/informes/analisis-estilometrico-el-cisne-de-alejandria,analisis-estilometrico-el-cisne-de-alejandria
VELEZ_Colmeneruela(Baile),Colmeneruela,,https://etso.es/informes/analisis-estilometrico-colmeneruela,analisis-estilometrico-colmeneruela
VIDAL_ColoniaDeDiana(Transk-IMPR),"Colonia de Diana, La",,https://etso.es/informes/analisis-estilometrico-la-colonia-de-diana,analisis-estilometrico-la-colonia-de-diana
LOPEdudosa_ComediaOtomana,"Comedia otomana, La","Otomano famoso, El",https://etso.es/informes/analisis-estilometrico-la-comedia-otomana,analisis-estilometrico-la-comedia-otomana
PRADO-JOSE_ComprarUnHombreSuSuerte(Transk-MSS),Comprar un hombre su suerte,,https://etso.es/informes/analisis-estilometrico-comprar-un-hombre-su-suerte,analisis-estilometrico-comprar-un-hombre-su-suerte
DESCONOCIDO_CondeDeMatissio(Transk-MSS),"Conde de Matissio, El",,https://etso.es/informes/analisis-estilometrico-el-conde-de-matissio,analisis-estilometrico-el-conde-de-matissio
COELLO_CondeDeSexTragediaMasLastimosa,"Conde de Sex, El","Tragedia más lastimosa, La",https://etso.es/informes/analisis-estilometrico-el-conde-de-sex,analisis-estilometrico-el-conde-de-sex
MORETO&ALII_ConfusionDeUnJardin,"Confusión de un jardín, La",Haz bien y guárdate,https://etso.es/informes/analisis-estilometrico-la-confusion-de-un-jardin,analisis-estilometrico-la-confusion-de-un-jardin
DESCONOCIDO_ReyDonRamiro(Transk-IMPR),"Conquista de Madrid por el rey don Ramiro y conde Fernán González, La",,https://etso.es/informes/analisis-estilometrico-la-conquista-de-madrid-por-el-rey-don-ramiro-y-conde-fernan,analisis-estilometrico-la-conquista-de-madrid-por-el-rey-don-ramiro-y-conde-fernan
GARCIA-PRADO_ConquistaDeValencia(Transk-MSS),"Conquista de Valencia y niñeces de San Pedro Pascual, La",,https://etso.es/informes/analisis-estilometrico-la-conquista-de-valencia-y-nineces-de-san-pedro-pascual,analisis-estilometrico-la-conquista-de-valencia-y-nineces-de-san-pedro-pascual
DESCONOCIDO_ConstanteGriselda(Transk-IMPR),"Constante Griselda, La",,https://etso.es/informes/analisis-estilometrico-la-constante-griselda,analisis-estilometrico-la-constante-griselda
CALDERONdudosa_ConsumoDelVellon(Auto),"Consumo del vellón, El",,https://etso.es/informes/analisis-estilometrico-el-consumo-del-vellon,analisis-estilometrico-el-consumo-del-vellon
DESCONOCIDO_ContiendaDeCesarYPompeyo(Coloquio)(Transk-MSS),"Contienda de César y Pompeyo, La",,https://etso.es/informes/analisis-estilometrico-la-contienda-de-cesar-y-pompeyo,analisis-estilometrico-la-contienda-de-cesar-y-pompeyo
VIDAL_ContraElEncantoElEscudo(Auto)(Transk-MSS),Contra el encanto el escudo,,https://etso.es/informes/analisis-estilometrico-contra-el-encanto-el-escudo,analisis-estilometrico-contra-el-encanto-el-escudo
DESCONOCIDO_ConversionDeSanPablo(Auto)(Transk-MSS),"Conversión de San Pablo, La",,https://etso.es/informes/analisis-estilometrico-la-conversion-de-san-pablo,analisis-estilometrico-la-conversion-de-san-pablo
GARCIA-PRADO_ConvertirseElMal(Transk-MSS),Convertirse el mal en bien,,https://etso.es/informes/analisis-estilometrico-convertirse-el-mal-en-bien,analisis-estilometrico-convertirse-el-mal-en-bien
MATOS_CosariaCatalana,"Cosaria catalana, La",,https://etso.es/informes/analisis-estilometrico-la-cosaria-catalana,analisis-estilometrico-la-cosaria-catalana
DESCONOCIDO_CuevaDeLosSalvajes,"Cueva de los salvajes, La",,https://etso.es/informes/analisis-estilometrico-la-cueva-de-los-salvajes,analisis-estilometrico-la-cueva-de-los-salvajes
REYES_CulebraDeOro(Transk-MSS),"Culebra de oro, La",,https://etso.es/informes/analisis-estilometrico-la-culebra-de-oro,analisis-estilometrico-la-culebra-de-oro
VELEZ_Curiosa(Loa),Curiosa,,https://etso.es/informes/analisis-estilometrico-curiosa,analisis-estilometrico-curiosa
DESCONOCIDO_DamaFregona,Dama fregona,"Lupercia constante, La",https://etso.es/informes/analisis-estilometrico-dama-fregona,analisis-estilometrico-dama-fregona
BELMONTE_DarlesConLaEntretenida,Darles con la entretenida,,https://etso.es/informes/analisis-estilometrico-darles-con-la-entretenida,analisis-estilometrico-darles-con-la-entretenida
DESCONOCIDO_DedoDeDios,"Dedo de Dios, San Ignacio de Loyola, El",,https://etso.es/informes/analisis-estilometrico-el-dedo-de-dios-san-ignacio-de-loyola,analisis-estilometrico-el-dedo-de-dios-san-ignacio-de-loyola
LOPEdudosa_DefensaEnLaVerdad(Transk-IMPR),"Defensa en la verdad, La",,https://etso.es/informes/analisis-estilometrico-la-defensa-en-la-verdad,analisis-estilometrico-la-defensa-en-la-verdad
DESCONOCIDO_DegollacionDeSanJuan(Auto)(Transk-MSS),"Degollación de San Juan, La",,https://etso.es/informes/analisis-estilometrico-la-degollacion-de-san-juan,analisis-estilometrico-la-degollacion-de-san-juan
ERASO_DelAgravioHacerVenganza(Transk-MSS),Del agravio hacer venganza,Hablar bien del enemigo,https://etso.es/informes/analisis-estilometrico-del-agravio-hacer-venganza,analisis-estilometrico-del-agravio-hacer-venganza
DESCONOCIDO_DelicadoYMuySubidoDeBuenaYSantaDoctrina(Auto)(Transk-MSS),Delicado y muy subido de buena y santa doctrina,,https://etso.es/informes/analisis-estilometrico-delicado-y-muy-subido-de-buena-y-santa-doctrina,analisis-estilometrico-delicado-y-muy-subido-de-buena-y-santa-doctrina
DESCONOCIDO_DesagravioEnUnDuelo(Transk-MSS),"Desagravio en un duelo por la más noble belleza, El",,https://etso.es/informes/analisis-estilometrico-el-desagravio-en-un-duelo-por-la-mas-noble-belleza,analisis-estilometrico-el-desagravio-en-un-duelo-por-la-mas-noble-belleza
DESCONOCIDO_DesdenApetecido(Transk-MSS),"Desdén apetecido, El",,https://etso.es/informes/analisis-estilometrico-el-desden-apetecido,analisis-estilometrico-el-desden-apetecido
SANCHEZ_DesgraciaVenturosa(Transk-MSS),"Desgracia venturosa, La",,https://etso.es/informes/analisis-estilometrico-la-desgracia-venturosa,analisis-estilometrico-la-desgracia-venturosa
MIRA_DesgraciadaRaquel,"Desgraciada Raquel y rey don Alfonso el Octavo, La","Judía de Toledo, La",https://etso.es/informes/analisis-estilometrico-la-desgraciada-raquel-y-rey-don-alfonso-el-octavo,analisis-estilometrico-la-desgraciada-raquel-y-rey-don-alfonso-el-octavo
BELMONTE_DesposadoPorFuerza,"Desposado por fuerza, El",Olvidar amando,https://etso.es/informes/analisis-estilometrico-el-desposado-por-fuerza,analisis-estilometrico-el-desposado-por-fuerza
CALDERON_DevocionDeLaCruz,"Devoción de la cruz, La","Cruz en la sepultura, La",https://etso.es/informes/analisis-estilometrico-la-devocion-de-la-cruz,analisis-estilometrico-la-devocion-de-la-cruz
LOPE_DivinoPastor(Auto),"Divino pastor, El","Niño pastor, El | Pastor ingrato, El",https://etso.es/informes/analisis-estilometrico-el-divino-pastor,analisis-estilometrico-el-divino-pastor
CALLEJA-OTRO_DialogoSobreAquellaParabolaDeSanLucas(Transk-MSS),Diálogo al santísimo sacramento sobre la parábola de San Lucas: Hamo quidam fecit coenam.,,https://etso.es/informes/analisis-estilometrico-dialogo-al-santisimo-sacramento-sobre-la-parabola-de-san-lucas,analisis-estilometrico-dialogo-al-santisimo-sacramento-sobre-la-parabola-de-san-lucas
CALLEJA-OTRO_DialogoDelSantisimoSacramento(Transk-MSS),"Diálogo al santísimo sacramento, entre los colores",,https://etso.es/informes/analisis-estilometrico-dialogo-al-santisimo-sacramento-entre-los-colores,analisis-estilometrico-dialogo-al-santisimo-sacramento-entre-los-colores
HURTADO-VERA_DoleriaDelSueno(Transk-IMPR),Dolería del sueño del mundo,,https://etso.es/informes/analisis-estilometrico-doleria-del-sueno-del-mundo,analisis-estilometrico-doleria-del-sueno-del-mundo
LOPEdudosa_DonJuanDeAustriaEnFlandes,Don Juan de Austria en Flandes,,https://etso.es/informes/analisis-estilometrico-don-juan-de-austria-en-flandes,analisis-estilometrico-don-juan-de-austria-en-flandes
DESCONOCIDO_DosVirtudesTriunfantes(Coloquio)(Transk-MSS),"Dos virtudes triunfantes, Las",,https://etso.es/informes/analisis-estilometrico-las-dos-virtudes-triunfantes,analisis-estilometrico-las-dos-virtudes-triunfantes
VIDAL_ElementosDeAmor(Transk-MSS),"Elementos de amor: voz, cristal, luz y color, Los",,https://etso.es/informes/analisis-estilometrico-los-elementos-de-amor-voz-cristal-luz-y-color,analisis-estilometrico-los-elementos-de-amor-voz-cristal-luz-y-color
ROSETE_ElloEsHechoAcertarPensandoErrar(Transk-IMPR),Ello es hecho,Esto es hecho | Acertar pensando errar,https://etso.es/informes/analisis-estilometrico-ello-es-hecho,analisis-estilometrico-ello-es-hecho
VELEZ_EmbusteAcreditado,"Embuste acreditado y el disparate creído, El","Encantos de Merlín, Los",https://etso.es/informes/analisis-estilometrico-el-embuste-acreditado-y-el-disparate-creido,analisis-estilometrico-el-embuste-acreditado-y-el-disparate-creido
LOPE_EnLosIndicios,En los indicios la culpa,"Amor desventurado, El",https://etso.es/informes/analisis-estilometrico-en-los-indicios-la-culpa,analisis-estilometrico-en-los-indicios-la-culpa
TIRSOdudosa_EnMadridYEnUnaCasa,En Madrid y en una casa,Lo que hace un manto en Madrid,https://etso.es/informes/analisis-estilometrico-en-madrid-y-en-una-casa,analisis-estilometrico-en-madrid-y-en-una-casa
VELEZ-JUAN_EncontraronseDosArroyuelos(Transk-IMPR),Encontráronse dos arroyuelos,"Boba y el vizcaíno, La",https://etso.es/informes/analisis-estilometrico-encontraronse-dos-arroyuelos,analisis-estilometrico-encontraronse-dos-arroyuelos
CALDERONdudosa_EnsenarseASerBuenRey(Transk-IMPR),Enseñarse a ser buen rey,,https://etso.es/informes/analisis-estilometrico-ensenarse-a-ser-buen-rey,analisis-estilometrico-ensenarse-a-ser-buen-rey
LOPEdudosa_EsclavaDeSuHijo,"Esclava de su hijo, La",,https://etso.es/informes/analisis-estilometrico-la-esclava-de-su-hijo,analisis-estilometrico-la-esclava-de-su-hijo
DESCONOCIDO_EsclavoDeIsrael,"Esclavo de Israel, El",,https://etso.es/informes/analisis-estilometrico-el-esclavo-de-israel,analisis-estilometrico-el-esclavo-de-israel
MORETO_EsclavoDeSuHijoAzoteDeSuPatria,"Esclavo de su hijo, El","Azote de su patria y renegado Abdenaga, El",https://etso.es/informes/analisis-estilometrico-el-esclavo-de-su-hijo,analisis-estilometrico-el-esclavo-de-su-hijo
DESCONOCIDO_EspadaDelSegundoAdan(Transk-MSS),"Espada del segundo Adán, La",,https://etso.es/informes/analisis-estilometrico-la-espada-del-segundo-adan,analisis-estilometrico-la-espada-del-segundo-adan
LOPEdudosa_EspanolaDeFlorencia,Española de Florencia,"Las burlas veras, La",https://etso.es/informes/analisis-estilometrico-espanola-de-florencia,analisis-estilometrico-espanola-de-florencia
DESCONOCIDO_FamososHechosDeMudarra(Auto)(Transk-MSS),"Famosos hechos de Mudarra, Los",,https://etso.es/informes/analisis-estilometrico-los-famosos-hechos-de-mudarra,analisis-estilometrico-los-famosos-hechos-de-mudarra
DESCONOCIDO_FingirPorConservar,Fingir por conservar,,https://etso.es/informes/analisis-estilometrico-fingir-por-conservar,analisis-estilometrico-fingir-por-conservar
VALDIVIELSO_FlorDeLisDeFrancia(Transk-IMPR),"Flor de lis de Francia, La","Conquista del Santo Sepulcro por el santo rey Luis, La",https://etso.es/informes/analisis-estilometrico-la-flor-de-lis-de-francia,analisis-estilometrico-la-flor-de-lis-de-francia
DESCONOCIDO_FortunasDeDonJuanDeCastro,Fortunas de don Juan de Castro y Lemos,,https://etso.es/informes/analisis-estilometrico-fortunas-de-don-juan-de-castro-y-lemos,analisis-estilometrico-fortunas-de-don-juan-de-castro-y-lemos
PINA-JUAN_FortunasDelPrincipeDePolonia,"Fortunas del príncipe de Polonia, Las",,https://etso.es/informes/analisis-estilometrico-las-fortunas-del-principe-de-polonia,analisis-estilometrico-las-fortunas-del-principe-de-polonia
VIDAL_FuegoDeRiquezas(Transk-MSS),"Fuego de las riquezas y destrucción de Sagunto, El",,https://etso.es/informes/analisis-estilometrico-el-fuego-de-las-riquezas-y-destruccion-de-sagunto,analisis-estilometrico-el-fuego-de-las-riquezas-y-destruccion-de-sagunto
ENCISO_CriselioYCleon(Transk-MSS),Fábula de Criselio y Cleón,,https://etso.es/informes/analisis-estilometrico-fabula-de-criselio-y-cleon,analisis-estilometrico-fabula-de-criselio-y-cleon
VALDIVIELSO_FenixDeAmor(Auto)(Modern-Aut),"Fénix de amor, El",,https://etso.es/informes/analisis-estilometrico-el-fenix-de-amor,analisis-estilometrico-el-fenix-de-amor
LOZANO-FRANCISCO_FenixEspanolSanLorenzo(Transk-IMPR),"Fénix Español, San Lorenzo mártir, El","Levita aragonés, San Lorenzo Mártir, El",https://etso.es/informes/analisis-estilometrico-el-fenix-espanol-san-lorenzo-martir,analisis-estilometrico-el-fenix-espanol-san-lorenzo-martir
LOPEZ-ZARATE_GaleotaDelCondeDeNiebla,"Galeota reforzada, La","Galeota del conde de Niebla, La",https://etso.es/informes/analisis-estilometrico-la-galeota-reforzada,analisis-estilometrico-la-galeota-reforzada
MATOS_GalanDeSuMujer(Transk-IMPR),"Galán de su mujer, El",Engañarse en su favor,https://etso.es/informes/analisis-estilometrico-el-galan-de-su-mujer,analisis-estilometrico-el-galan-de-su-mujer
VILLAMEDIANA_GloriaDeNiquea(Transk-IMPR),"Gloria de Niquea, La",,https://etso.es/informes/analisis-estilometrico-la-gloria-de-niquea,analisis-estilometrico-la-gloria-de-niquea
DESCONOCIDO_Gravarte(Transk-MSS),Gravarte,,https://etso.es/informes/analisis-estilometrico-gravarte,analisis-estilometrico-gravarte
LANINI_GuzmanDeAlfarache,"Guzmán de Alfarache, El",,https://etso.es/informes/analisis-estilometrico-el-guzman-de-alfarache,analisis-estilometrico-el-guzman-de-alfarache
MATOS&DIAMANTE&VELEZ-JUAN_HidalgoDeLaMancha,"Hidalgo de la Mancha, El",,https://etso.es/informes/analisis-estilometrico-el-hidalgo-de-la-mancha,analisis-estilometrico-el-hidalgo-de-la-mancha
DESCONOCIDO_HijoDeLaCunaDeSevilla(Transk-MSS),"Hijo de la cuna de Sevilla, El",,https://etso.es/informes/analisis-estilometrico-el-hijo-de-la-cuna-de-sevilla,analisis-estilometrico-el-hijo-de-la-cuna-de-sevilla
LANINI_HijoDelCarpintero(Transk-MSS),"Hijo del carpintero, El","Niño de Zaragoza, El",https://etso.es/informes/analisis-estilometrico-el-hijo-del-carpintero,analisis-estilometrico-el-hijo-del-carpintero
DESCONOCIDO_HistoriaYAdoracionTresReyes(Auto)(Transk-MSS),"Historia y adoración de los tres Reyes Magos, La",,https://etso.es/informes/analisis-estilometrico-la-historia-y-adoracion-de-los-tres-reyes-magos,analisis-estilometrico-la-historia-y-adoracion-de-los-tres-reyes-magos
LOBO-LASSO_HonraDeDido(Modern-Aut),"Honra de Dido restaurada, La",,https://etso.es/informes/analisis-estilometrico-la-honra-de-dido-restaurada,analisis-estilometrico-la-honra-de-dido-restaurada
CALDERONdudosa_HonraConfusionYHonor(Transk-IMPR),"Honra, confusión y honor",,https://etso.es/informes/analisis-estilometrico-honra-confusion-y-honor,analisis-estilometrico-honra-confusion-y-honor
DESCONOCIDO_HuidaAEgipto(Auto)(Transk-MSS),"Huida a Egipto y destierro de Jesús, La",,https://etso.es/informes/analisis-estilometrico-la-huida-a-egipto-y-destierro-de-jesus,analisis-estilometrico-la-huida-a-egipto-y-destierro-de-jesus
LOPEZ-ZARATE_HerculesFurente(Transk-IMPR),Hércules furente y Oeta,,https://etso.es/informes/analisis-estilometrico-hercules-furente-y-oeta,analisis-estilometrico-hercules-furente-y-oeta
LOPEdudosa_IntencionCastigada,"Intención castigada, La",,https://etso.es/informes/analisis-estilometrico-la-intencion-castigada,analisis-estilometrico-la-intencion-castigada
DESCONOCIDO_IrisDeNuevaEspana(Transk-IMPR),"Iris de Nueva España, El",Nuestra Señora de Guadalupe de México,https://etso.es/informes/analisis-estilometrico-el-iris-de-nueva-espana,analisis-estilometrico-el-iris-de-nueva-espana
ENRIQUEZ_JerusalenLibertada(Transk-IMPR),Jerusalén libertada,"Jerusalén restaurada y el gran sepulcro de Cristo, La",https://etso.es/informes/analisis-estilometrico-jerusalen-libertada,analisis-estilometrico-jerusalen-libertada
HOZ_JoseSalvadorDeEgipto(Transk-MSS),"José, salvador de Egipto y triunfos de la inocencia",,https://etso.es/informes/analisis-estilometrico-jose-salvador-de-egipto-y-triunfos-de-la-inocencia,analisis-estilometrico-jose-salvador-de-egipto-y-triunfos-de-la-inocencia
DESCONOCIDO_JuezDeSiMismo(Transk-MSS),"Juez que fue de sí mismo, El",,https://etso.es/informes/analisis-estilometrico-el-juez-que-fue-de-si-mismo,analisis-estilometrico-el-juez-que-fue-de-si-mismo
MARTINEZ_JuezYReo(Transk-IMPR),"Juez y reo de su causa, El",,https://etso.es/informes/analisis-estilometrico-el-juez-y-reo-de-su-causa,analisis-estilometrico-el-juez-y-reo-de-su-causa
TORRE-SEVIL_JusticiaYLaVerdad,"Justicia y la verdad, La",Comedia de Susana,https://etso.es/informes/analisis-estilometrico-la-justicia-y-la-verdad,analisis-estilometrico-la-justicia-y-la-verdad
LANUZA_JupiterYIoCielosPremian(Zarzuela)(Transk-IMPR),Júpiter y Ío,"Cielos premian desdenes, Los",https://etso.es/informes/analisis-estilometrico-jupiter-y-io,analisis-estilometrico-jupiter-y-io
LOPEdudosa_LanzaPorLanza,Lanza por lanza de Luis Almanza,,https://etso.es/informes/analisis-estilometrico-lanza-por-lanza-de-luis-almanza,analisis-estilometrico-lanza-por-lanza-de-luis-almanza
BENAVIDES_LoQuePiensasTeHago,Lo que piensas te hago,Engañar a quien engaña,https://etso.es/informes/analisis-estilometrico-lo-que-piensas-te-hago,analisis-estilometrico-lo-que-piensas-te-hago
VELEZ_LoaCuriosaYDeArtificio(Loa),Loa curiosa y de artificio,,https://etso.es/informes/analisis-estilometrico-loa-curiosa-y-de-artificio,analisis-estilometrico-loa-curiosa-y-de-artificio
MIRA_LocaDelCielo,"Loca del cielo, La",,https://etso.es/informes/analisis-estilometrico-la-loca-del-cielo,analisis-estilometrico-la-loca-del-cielo
PINA_LuceroDeOriente(Transk-IMPR),"Lucero de Oriente, San Francisco de Javier",,https://etso.es/informes/analisis-estilometrico-lucero-de-oriente-san-francisco-de-javier,analisis-estilometrico-lucero-de-oriente-san-francisco-de-javier
DESCONOCIDO_LucesDelEvangelio(Transk-MSS),"Luces del Evangelio, San Simón y San Judas, Las",,https://etso.es/informes/analisis-estilometrico-las-luces-del-evangelio-san-simon-y-san-judas,analisis-estilometrico-las-luces-del-evangelio-san-simon-y-san-judas
DESCONOCIDO_MartirioDeSanLorenzo(Auto)(Transk-MSS),"Martirio de San Lorenzo, El",,https://etso.es/informes/analisis-estilometrico-el-martirio-de-san-lorenzo,analisis-estilometrico-el-martirio-de-san-lorenzo
ENCISO_MayorHazana(Transk-IMPR),"Mayor hazaña de Carlos V, La","Mayor hazaña del emperador Carlos V, La",https://etso.es/informes/analisis-estilometrico-la-mayor-hazana-de-carlos-v,analisis-estilometrico-la-mayor-hazana-de-carlos-v
PINA-MANUEL_MayorHazanaCarlosVI(Burlesca),"Mayor hazaña de Carlos VI, La (Burlesca)",,https://etso.es/informes/analisis-estilometrico-la-mayor-hazana-de-carlos-vi-burlesca,analisis-estilometrico-la-mayor-hazana-de-carlos-vi-burlesca
SOLIS_MayorTriunfoDeJulioCesar,"Mayor triunfo de Julio César, El",,https://etso.es/informes/analisis-estilometrico-el-mayor-triunfo-de-julio-cesar,analisis-estilometrico-el-mayor-triunfo-de-julio-cesar
DESCONOCIDO_MejorFrutoDeUnArbol(Transk-IMPR),"Mejor fruto de un árbol, nuestra señora de Balvanera, El",,https://etso.es/informes/analisis-estilometrico-el-mejor-fruto-de-un-arbol-nuestra-senora-de-balvanera,analisis-estilometrico-el-mejor-fruto-de-un-arbol-nuestra-senora-de-balvanera
CALDERONdudosa_MercaderDeToledoVaraDeMedirAccionMejorTestigo(Transk-IMPR),"Mercader de Toledo, vara de medir, y acción del mejor testigo, El","Mejor testigo, El",https://etso.es/informes/analisis-estilometrico-el-mercader-de-toledo-vara-de-medir-y-accion-del-mejor-testigo,analisis-estilometrico-el-mercader-de-toledo-vara-de-medir-y-accion-del-mejor-testigo
LOPEdudosa_MercedEnElCastigoPremioEnLaMismaPena,"Merced en el castigo, La","Premio en la misma pena, El",https://etso.es/informes/analisis-estilometrico-la-merced-en-el-castigo,analisis-estilometrico-la-merced-en-el-castigo
MORETO_MerecerParaAlcanzar,Merecer para alcanzar,,https://etso.es/informes/analisis-estilometrico-merecer-para-alcanzar,analisis-estilometrico-merecer-para-alcanzar
LOPEdudosa_MilagrosDelDesprecioDiablosSonLasMujeres,"Milagros del desprecio, Los",,https://etso.es/informes/analisis-estilometrico-los-milagros-del-desprecio,analisis-estilometrico-los-milagros-del-desprecio
DESCONOCIDO_MilagrosoEspanol(Transk-MSS),"Milagroso español, El",,https://etso.es/informes/analisis-estilometrico-el-milagroso-espanol,analisis-estilometrico-el-milagroso-espanol
LOPE_Montanesa(Transk-IMPR),"Montañesa, La","Amistad pagada, La",https://etso.es/informes/analisis-estilometrico-la-montanesa,analisis-estilometrico-la-montanesa
MIRA_ErarioYMonte(Auto),"Monte de piedad, El","Erario y monte de la piedad, El",https://etso.es/informes/analisis-estilometrico-el-monte-de-piedad,analisis-estilometrico-el-monte-de-piedad
VELEZ_Moriscos(Baile),Moriscos,,https://etso.es/informes/analisis-estilometrico-moriscos,analisis-estilometrico-moriscos
TARREGAdudosa_MoriscosDeHornachos(Modern_Aut),"Moriscos de Hornachos, Los",,https://etso.es/informes/analisis-estilometrico-los-moriscos-de-hornachos,analisis-estilometrico-los-moriscos-de-hornachos
ZAMORA_MuerteEnAmorEsLaAusencia,Muerte en amor es la ausencia,,https://etso.es/informes/analisis-estilometrico-muerte-en-amor-es-la-ausencia,analisis-estilometrico-muerte-en-amor-es-la-ausencia
MIRA_MartirDeMadrid,"Mártir de Madrid, El",,https://etso.es/informes/analisis-estilometrico-el-martir-de-madrid,analisis-estilometrico-el-martir-de-madrid
DESCONOCIDO_MasHeroicaRomana(Transk-IMPR),"Más heroica romana, La",,https://etso.es/informes/analisis-estilometrico-la-mas-heroica-romana,analisis-estilometrico-la-mas-heroica-romana
VELEZ_MasPesaElRey,Más pesa el rey que la sangre,"Honor de los Guzmanes y defensa de Tarifa, El",https://etso.es/informes/analisis-estilometrico-mas-pesa-el-rey-que-la-sangre,analisis-estilometrico-mas-pesa-el-rey-que-la-sangre
DESCONOCIDO_MasPoderTiene(Zarzuela)(Transk-MSS),Más poder tiene el amar que la gloria de inmortal,,https://etso.es/informes/analisis-estilometrico-mas-poder-tiene-el-amar-que-la-gloria-de-inmortal,analisis-estilometrico-mas-poder-tiene-el-amar-que-la-gloria-de-inmortal
ENCISO_MedisDeFlorencia(Transk-IMPR),"Médicis de Florencia, Los","Gran duque de Florencia, El",https://etso.es/informes/analisis-estilometrico-los-medicis-de-florencia,analisis-estilometrico-los-medicis-de-florencia
VIDAL_MusicaEnsenaElAmor(Auto)(Transk-MSS),Música enseña el amor,,https://etso.es/informes/analisis-estilometrico-musica-ensena-el-amor,analisis-estilometrico-musica-ensena-el-amor
GARRO_AmorPorElRetrato(Transk-IMPR),"Músicos, amo y criado y el amor por el retrato",,https://etso.es/informes/analisis-estilometrico-musicos-amo-y-criado-y-el-amor-por-el-retrato,analisis-estilometrico-musicos-amo-y-criado-y-el-amor-por-el-retrato
VALDIVIELSO_NacimientoDeLaMejor(Auto)(Modern-Aut),"Nacimiento de la mejor, El",,https://etso.es/informes/analisis-estilometrico-el-nacimiento-de-la-mejor,analisis-estilometrico-el-nacimiento-de-la-mejor
DESCONOCIDO_NacimientoYVidaDeJudas(Auto)(Transk-MSS),"Nacimiento y vida de Judas, El",,https://etso.es/informes/analisis-estilometrico-el-nacimiento-y-vida-de-judas,analisis-estilometrico-el-nacimiento-y-vida-de-judas
GOMEZ-TEJADA_NinoPerdido(Auto)(Transk-MSS),"Niño perdido, El","Vida de Cristo (tercera jornada), La",https://etso.es/informes/analisis-estilometrico-el-nino-perdido,analisis-estilometrico-el-nino-perdido
MATOS&MORETO&CANCER_NoHayReino,No hay reino como el de Dios y mártires de Madrid,Un reino por otro reino,https://etso.es/informes/analisis-estilometrico-no-hay-reino-como-el-de-dios-y-martires-de-madrid,analisis-estilometrico-no-hay-reino-como-el-de-dios-y-martires-de-madrid
ROJASdudosa_NoIntente,No intente el que no es dichoso,,https://etso.es/informes/analisis-estilometrico-no-intente-el-que-no-es-dichoso,analisis-estilometrico-no-intente-el-que-no-es-dichoso
CALDERON_NoSiempre,No siempre lo peor es cierto,Nunca lo peor es cierto,https://etso.es/informes/analisis-estilometrico-no-siempre-lo-peor-es-cierto,analisis-estilometrico-no-siempre-lo-peor-es-cierto
FOLCH-CARDONA_NoSiempreMienten(Transk-MSS),No siempre mienten señales,,https://etso.es/informes/analisis-estilometrico-no-siempre-mienten-senales,analisis-estilometrico-no-siempre-mienten-senales
DESCONOCIDO_NoblezaDeUnFielAmigo(Transk-IMPR),Nobleza de un fiel amigo y premio de la traición,,https://etso.es/informes/analisis-estilometrico-nobleza-de-un-fiel-amigo-y-premio-de-la-traicion,analisis-estilometrico-nobleza-de-un-fiel-amigo-y-premio-de-la-traicion
SALAS_NocheDeNavidad(Coloquio),"Noche de Navidad, La",,https://etso.es/informes/analisis-estilometrico-la-noche-de-navidad,analisis-estilometrico-la-noche-de-navidad
LOPE_NuevaVictoriaDeDonGonzaloDeCordobaMayorVictoriaDeAlemania,"Nueva victoria de don Gonzalo de Córdoba, La","Mayor victoria de Alemania, La",https://etso.es/informes/analisis-estilometrico-la-nueva-victoria-de-don-gonzalo-de-cordoba,analisis-estilometrico-la-nueva-victoria-de-don-gonzalo-de-cordoba
JUSTINIANO_OjosDelCielo(Transk-MSS),"Ojos del cielo, Los","Abogada de los ojos, Santa Lucía, La",https://etso.es/informes/analisis-estilometrico-los-ojos-del-cielo,analisis-estilometrico-los-ojos-del-cielo
VELEZ_OlleroDeOcana,"Ollero de Ocaña, El",,https://etso.es/informes/analisis-estilometrico-el-ollero-de-ocana,analisis-estilometrico-el-ollero-de-ocana
CALDERON_OrigenPerdida,"Origen, pérdida y restauración de la Virgen del Sagrario","Tres edades de España, Las",https://etso.es/informes/analisis-estilometrico-origen-perdida-y-restauracion-de-la-virgen-del-sagrario,analisis-estilometrico-origen-perdida-y-restauracion-de-la-virgen-del-sagrario
VIDAL_PacesDeIngenioYBelleza(Transk-MSS),Paces de ingenio y belleza,,https://etso.es/informes/analisis-estilometrico-paces-de-ingenio-y-belleza,analisis-estilometrico-paces-de-ingenio-y-belleza
CALDERONdudosa_PalabraEnLaMujer,"Palabra en la mujer, La",,https://etso.es/informes/analisis-estilometrico-la-palabra-en-la-mujer,analisis-estilometrico-la-palabra-en-la-mujer
GARCIA-LORENZO_ParecidoEnRusia(Transk-IMPR),"Parecido en Rusia, El",,https://etso.es/informes/analisis-estilometrico-el-parecido-en-rusia,analisis-estilometrico-el-parecido-en-rusia
CALDERONdudosa_PedirConMalIntento,"Pedir con mal intento, El",,https://etso.es/informes/analisis-estilometrico-el-pedir-con-mal-intento,analisis-estilometrico-el-pedir-con-mal-intento
CALLEJA-OTRO_PeregrinoEnSuPatria(Transk-MSS),"Peregrino en su patria, San Alejo, El",,https://etso.es/informes/analisis-estilometrico-el-peregrino-en-su-patria-san-alejo,analisis-estilometrico-el-peregrino-en-su-patria-san-alejo
VALDIVIELSO_Peregrino(Auto)(Modern-Aut),"Peregrino, El",,https://etso.es/informes/analisis-estilometrico-el-peregrino,analisis-estilometrico-el-peregrino
CUBILLO_PerfectaCasada,"Perfecta casada, La","Prudente, sabia y honrada",https://etso.es/informes/analisis-estilometrico-la-perfecta-casada,analisis-estilometrico-la-perfecta-casada
TORRE-JAIME_PerlaAsombroDelMar(Transk-IMPR),"Perla asombro del mar en la merced de su aurora, vida y muerte de Santa María de Cervellón y Socors, La",,https://etso.es/informes/analisis-estilometrico-la-perla-asombro-del-mar-en-la-merced-de-su-aurora-vida-y-muerte,analisis-estilometrico-la-perla-asombro-del-mar-en-la-merced-de-su-aurora-vida-y-muerte
LOPE_PerroDelHortelano,"Perro del hortelano, El","Condesa de Belflor, La",https://etso.es/informes/analisis-estilometrico-el-perro-del-hortelano,analisis-estilometrico-el-perro-del-hortelano
LOPEdudosa_PleitoPorLaHonra,"Pleito por la honra, El","Valor de Fernandito, El",https://etso.es/informes/analisis-estilometrico-el-pleito-por-la-honra,analisis-estilometrico-el-pleito-por-la-honra
LOPEdudosa_PorfiaHastaElTemor,Porfía hasta el temor,,https://etso.es/informes/analisis-estilometrico-porfia-hasta-el-temor,analisis-estilometrico-porfia-hasta-el-temor
PONCE-HORRUCHAS_PremiarElMayorAgravio(Transk-MSS),Premiar el mayor agravio y origen de la nobleza de Castilla,,https://etso.es/informes/analisis-estilometrico-premiar-el-mayor-agravio-y-origen-de-la-nobleza-de-castilla,analisis-estilometrico-premiar-el-mayor-agravio-y-origen-de-la-nobleza-de-castilla
EXIMENEZ_PremioDeLaHumildad(Transk-MSS),"Premio de la humildad y la traición castigada, El",,https://etso.es/informes/analisis-estilometrico-el-premio-de-la-humildad-y-la-traicion-castigada,analisis-estilometrico-el-premio-de-la-humildad-y-la-traicion-castigada
SCOTTI_PrimerBlasonDeIsrael(Transk-IMPR),"Primer blasón de Israel, El",,https://etso.es/informes/analisis-estilometrico-el-primer-blason-de-israel,analisis-estilometrico-el-primer-blason-de-israel
VELEZ_PrimerCondeOrgaz,"Primer conde de Orgaz y servicio bien pagado, El",,https://etso.es/informes/analisis-estilometrico-el-primer-conde-de-orgaz-y-servicio-bien-pagado,analisis-estilometrico-el-primer-conde-de-orgaz-y-servicio-bien-pagado
VALDIVIELSO_ProbanzasEHidalguiaDelHombre(Auto)(Transk-MSS),"Probanzas e hidalguía del hombre, Las",,https://etso.es/informes/analisis-estilometrico-las-probanzas-e-hidalguia-del-hombre,analisis-estilometrico-las-probanzas-e-hidalguia-del-hombre
CASTROdudosa_ProdigioDeLosMontes,"Prodigio de los montes y mártir del cielo, Santa Bárbara, El","Bárbara de los montes, La",https://etso.es/informes/analisis-estilometrico-el-prodigio-de-los-montes-y-martir-del-cielo-santa-barbara,analisis-estilometrico-el-prodigio-de-los-montes-y-martir-del-cielo-santa-barbara
SEGURA_PrudenciaEnLaMujer(Transk-IMPR),"Prudencia en la mujer y reina más perseguida, La",,https://etso.es/informes/analisis-estilometrico-la-prudencia-en-la-mujer-y-reina-mas-perseguida,analisis-estilometrico-la-prudencia-en-la-mujer-y-reina-mas-perseguida
VALDIVIELSO_PsiqueYCupido(Auto)(Modern-Aut),"Psique y Cupido, Cristo y el alma",,https://etso.es/informes/analisis-estilometrico-psique-y-cupido-cristo-y-el-alma,analisis-estilometrico-psique-y-cupido-cristo-y-el-alma
LOPEdudosa_PerdidasDelQueJuega,"Pérdidas del que juega, Las",,https://etso.es/informes/analisis-estilometrico-las-perdidas-del-que-juega,analisis-estilometrico-las-perdidas-del-que-juega
VALDEARENAS_QuienEntenderaElGusto(Transk-MSS),Quién entenderá el gusto a las mujeres,,https://etso.es/informes/analisis-estilometrico-quien-entendera-el-gusto-a-las-mujeres,analisis-estilometrico-quien-entendera-el-gusto-a-las-mujeres
CALLEJA-OTRO_SanEstanislao(Transk-MSS),"Regalado del cielo, San Estanislado de Koska, El",,https://etso.es/informes/analisis-estilometrico-el-regalado-del-cielo-san-estanislado-de-koska,analisis-estilometrico-el-regalado-del-cielo-san-estanislado-de-koska
BEVILAQUA_ReinaMatilda(Transk-MSS),"Reina Matilda, La",,https://etso.es/informes/analisis-estilometrico-la-reina-matilda,analisis-estilometrico-la-reina-matilda
DIAMANTE_ReligiosasConstanciasReinaMariaEstuardo(Transk-IMPR),"Religiosas constancias en las bárbaras tragedias, Las","Reina María Estuardo, La",https://etso.es/informes/analisis-estilometrico-las-religiosas-constancias-en-las-barbaras-tragedias,analisis-estilometrico-las-religiosas-constancias-en-las-barbaras-tragedias
CASTRO_RenegadoArrepentido,"Renegado arrepentido, El",,https://etso.es/informes/analisis-estilometrico-el-renegado-arrepentido,analisis-estilometrico-el-renegado-arrepentido
DESCONOCIDO_RescateDelAlma(Auto)(Transk-MSS),"Rescate del alma, El",,https://etso.es/informes/analisis-estilometrico-el-rescate-del-alma,analisis-estilometrico-el-rescate-del-alma
AVILA_RespetoEnElAusencia(Transk-IMPR),"Respeto en el ausencia, El",,https://etso.es/informes/analisis-estilometrico-el-respeto-en-el-ausencia,analisis-estilometrico-el-respeto-en-el-ausencia
JAUREGUI_Retraido(Transk-IMPR),"Retraído, comedia famosa de don Claudo, El",,https://etso.es/informes/analisis-estilometrico-el-retraido-comedia-famosa-de-don-claudo,analisis-estilometrico-el-retraido-comedia-famosa-de-don-claudo
URRUTIA_ReyDecretadoEnElCielo(Primera Parte)(Transk-IMPR),Rey decretado en el cielo y astucias de Lucifer (primera parte),,https://etso.es/informes/analisis-estilometrico-rey-decretado-en-el-cielo-y-astucias-de-lucifer-primera-parte,analisis-estilometrico-rey-decretado-en-el-cielo-y-astucias-de-lucifer-primera-parte
URRUTIA_ReyDecretadoEnElCielo(SegundaParte)(Transk-IMPR),Rey decretado en el cielo y astucias de Lucifer (segunda parte),,https://etso.es/informes/analisis-estilometrico-rey-decretado-en-el-cielo-y-astucias-de-lucifer-segunda-parte,analisis-estilometrico-rey-decretado-en-el-cielo-y-astucias-de-lucifer-segunda-parte
DESCONOCIDO(6)_ReyEnriqueElEnfermo,"Rey Enrique el enfermo, El",,https://etso.es/informes/analisis-estilometrico-el-rey-enrique-el-enfermo-0,analisis-estilometrico-el-rey-enrique-el-enfermo-0
DESCONOCIDO_SacramentoDeLaEucaristia(Auto)(Transk-MSS),"Sacramento de la Eucaristía, El",,https://etso.es/informes/analisis-estilometrico-el-sacramento-de-la-eucaristia,analisis-estilometrico-el-sacramento-de-la-eucaristia
VALDEARENAS_SalvadorDeEgipto(Transk-MSS),"Salvador de Egipto, El",,https://etso.es/informes/analisis-estilometrico-el-salvador-de-egipto,analisis-estilometrico-el-salvador-de-egipto
CLARAMONTE_SanCarlos,San Carlos,"Dos columnas de Carlos, Las",https://etso.es/informes/analisis-estilometrico-san-carlos,analisis-estilometrico-san-carlos
MORETO_SanFrancoSenaLegoDelCarmen,San Franco de Sena,"Lego del Carmen, El",https://etso.es/informes/analisis-estilometrico-san-franco-de-sena,analisis-estilometrico-san-franco-de-sena
CALLEJA-OTRO_SanJuanCalibita(Transk-MSS),San Juan Calibita,,https://etso.es/informes/analisis-estilometrico-san-juan-calibita,analisis-estilometrico-san-juan-calibita
CALLEJA-OTRO_SantaCatalina(Transk-MSS),"Santa Catalina Virgen, la rosa de Alejandría, y la disputa que tuvo con los doctores",,https://etso.es/informes/analisis-estilometrico-santa-catalina-virgen-la-rosa-de-alejandria-y-la-disputa-que-tuvo,analisis-estilometrico-santa-catalina-virgen-la-rosa-de-alejandria-y-la-disputa-que-tuvo
CLARAMONTE_SantaTeodora,Santa Teodora,"Púsoseme el sol, saliome la luna",https://etso.es/informes/analisis-estilometrico-santa-teodora,analisis-estilometrico-santa-teodora
MORETO_SantoCristo,"Santo Cristo de Cabrilla, El","Cristo de los Milagros, El",https://etso.es/informes/analisis-estilometrico-el-santo-cristo-de-cabrilla,analisis-estilometrico-el-santo-cristo-de-cabrilla
MIRA_SantoSinNacer,"Santo sin nacer y mártir sin morir, El",,https://etso.es/informes/analisis-estilometrico-el-santo-sin-nacer-y-martir-sin-morir,analisis-estilometrico-el-santo-sin-nacer-y-martir-sin-morir
TORRE-FARFAN_SentidosCorporales(Auto)(Transk-MSS),"Sentidos corporales, Los",,https://etso.es/informes/analisis-estilometrico-los-sentidos-corporales,analisis-estilometrico-los-sentidos-corporales
DESCONOCIDO_SerNoblePorFantasia(Transk-MSS)(JornadaSegunda),Ser noble por fantasía y marqués de Madroñal (segunda jornada),,https://etso.es/informes/analisis-estilometrico-ser-noble-por-fantasia-y-marques-de-madronal-segunda-jornada,analisis-estilometrico-ser-noble-por-fantasia-y-marques-de-madronal-segunda-jornada
MONTALBANdudosa_SerPrudenteYSerSufrido,Ser prudente y ser sufrido,,https://etso.es/informes/analisis-estilometrico-ser-prudente-y-ser-sufrido,analisis-estilometrico-ser-prudente-y-ser-sufrido
CALDERON_SibilaDeOriente,"Sibila de oriente, La","Gran reina de Saba, La",https://etso.es/informes/analisis-estilometrico-la-sibila-de-oriente,analisis-estilometrico-la-sibila-de-oriente
CALDERON_SiembraDelSenorObrerosDelSenor(Auto),"Siembra del señor, La","Obreros del señor, Los",https://etso.es/informes/analisis-estilometrico-la-siembra-del-senor,analisis-estilometrico-la-siembra-del-senor
VEGA-BELTRAN_SiempreCelaQuienBienAma(Transk-IMPR),Siempre cela quien bien ama,,https://etso.es/informes/analisis-estilometrico-siempre-cela-quien-bien-ama,analisis-estilometrico-siempre-cela-quien-bien-ama
CERVANTESdudosa_SoberanaVirgenDeGuadalupe(Auto),"Soberana Virgen de Guadalupe y sus milagros y grandezas de España, La",,https://etso.es/informes/analisis-estilometrico-la-soberana-virgen-de-guadalupe-y-sus-milagros-y-grandezas-de,analisis-estilometrico-la-soberana-virgen-de-guadalupe-y-sus-milagros-y-grandezas-de
VILLEGAS-JUAN_SolAMedianoche(Transk-IMPR),"Sol a medianoche y estrellas a medio día, El",,https://etso.es/informes/analisis-estilometrico-el-sol-a-medianoche-y-estrellas-a-medio-dia,analisis-estilometrico-el-sol-a-medianoche-y-estrellas-a-medio-dia
ROJASdudosa_TantoHagasComoPaguesTraicionVengada,Tanto hagas como pagues,"Traición vengada, La | No hay plazo que no llegue ni deuda que no se pague",https://etso.es/informes/analisis-estilometrico-tanto-hagas-como-pagues,analisis-estilometrico-tanto-hagas-como-pagues
DESCONOCIDO_TeodoraAlejandrina,"Teodora alejandrina y penitencia, vida y muerte suya",,https://etso.es/informes/analisis-estilometrico-teodora-alejandrina-y-penitencia-vida-y-muerte-suya,analisis-estilometrico-teodora-alejandrina-y-penitencia-vida-y-muerte-suya
DESCONOCIDO_TestamentoDeCristo(Auto)(Transk-MSS),"Testamento de Cristo, El",,https://etso.es/informes/analisis-estilometrico-el-testamento-de-cristo,analisis-estilometrico-el-testamento-de-cristo
MATOS_TiaDeLaMenor(Transk-IMPR),"Tia de la menor, La","Allá se verá | Tía y la sobrina, La",https://etso.es/informes/analisis-estilometrico-la-tia-de-la-menor,analisis-estilometrico-la-tia-de-la-menor
ROCA_TiranoDeLombardia(Transk-IMPR),"Tirano de Lombardía, El",,https://etso.es/informes/analisis-estilometrico-el-tirano-de-lombardia,analisis-estilometrico-el-tirano-de-lombardia
MONROY_TodoEsIndustriaElAmor(Transk-IMPR),Todo es industria el Amor,"Celos, industria y amor",https://etso.es/informes/analisis-estilometrico-todo-es-industria-el-amor,analisis-estilometrico-todo-es-industria-el-amor
SARAVIA_TodoEstaSujetoAAmor(Transk-MSS),Todo está sujeto a amor,,https://etso.es/informes/analisis-estilometrico-todo-esta-sujeto-a-amor,analisis-estilometrico-todo-esta-sujeto-a-amor
LOPEdudosa_ToledanoVengado,"Toledano vengado, El",,https://etso.es/informes/analisis-estilometrico-el-toledano-vengado,analisis-estilometrico-el-toledano-vengado
VIDAL_TomaDeBuda(Transk-MSS),"Toma de Buda por el duque de Lorena, La",,https://etso.es/informes/analisis-estilometrico-la-toma-de-buda-por-el-duque-de-lorena,analisis-estilometrico-la-toma-de-buda-por-el-duque-de-lorena
MORETOdudosa_TravesurasDePantoja,"Travesuras de Pantoja, Las",,https://etso.es/informes/analisis-estilometrico-las-travesuras-de-pantoja,analisis-estilometrico-las-travesuras-de-pantoja
CALLEJA-OTRO_TriunfoDeFortaleza(Transk-MSS),"Triunfo de la fortaleza, San Ignacio de Loyola, El",,https://etso.es/informes/analisis-estilometrico-el-triunfo-de-la-fortaleza-san-ignacio-de-loyola,analisis-estilometrico-el-triunfo-de-la-fortaleza-san-ignacio-de-loyola
DESCONOCIDO_TriunfosDeMaria,"Triunfos de María, Los",,https://etso.es/informes/analisis-estilometrico-los-triunfos-de-maria,analisis-estilometrico-los-triunfos-de-maria
DESCONOCIDO_TriunfosQueAlcanzaElCelo(Dialogo)(Transk-MSS),"Triunfos que alcanza el celo solo juzgar puede el cielo, Los",,https://etso.es/informes/analisis-estilometrico-los-triunfos-que-alcanza-el-celo-solo-juzgar-puede-el-cielo,analisis-estilometrico-los-triunfos-que-alcanza-el-celo-solo-juzgar-puede-el-cielo
ROJASdudosa_VariosProdigiosDeAmor,Varios prodigios de amor,"Prodigios de amor, Los",https://etso.es/informes/analisis-estilometrico-varios-prodigios-de-amor,analisis-estilometrico-varios-prodigios-de-amor
LOPEdudosa_VasoDeEleccion,"Vaso de elección San Pablo, El",,https://etso.es/informes/analisis-estilometrico-el-vaso-de-eleccion-san-pablo,analisis-estilometrico-el-vaso-de-eleccion-san-pablo
DESCONOCIDO_VaticinioCumplido,"Vaticinio cumplido y estrella de Inglaterra, El",,https://etso.es/informes/analisis-estilometrico-el-vaticinio-cumplido-y-estrella-de-inglaterra,analisis-estilometrico-el-vaticinio-cumplido-y-estrella-de-inglaterra
LOPEdudosa_VencidoVencedor,"Vencido, vencedor, El",,https://etso.es/informes/analisis-estilometrico-el-vencido-vencedor,analisis-estilometrico-el-vencido-vencedor
CAMPO_VencimientoDeTurno(Transk-IMPR),"Vencimiento de Turno, El","Conquista del alma, La",https://etso.es/informes/analisis-estilometrico-el-vencimiento-de-turno,analisis-estilometrico-el-vencimiento-de-turno
MATOS_VenganzaEnElEmpeno(Transk-IMPR),Venganza en el empeño,Venganza en el despeño y tirano de Navarra,https://etso.es/informes/analisis-estilometrico-venganza-en-el-empeno,analisis-estilometrico-venganza-en-el-empeno
AGUILAR_VenganzaHonrosaDesgraciaVenturosa,"Venganza honrosa, La","Desgracia venturosa, La",https://etso.es/informes/analisis-estilometrico-la-venganza-honrosa,analisis-estilometrico-la-venganza-honrosa
LOPEdudosa_VenturaEnLaDesgracia,"Ventura en la desgracia, La",,https://etso.es/informes/analisis-estilometrico-la-ventura-en-la-desgracia,analisis-estilometrico-la-ventura-en-la-desgracia
FREYLE_VerseYTenersePorMuertos(Transk-IMPR),Verse y tenerse por muertos,,https://etso.es/informes/analisis-estilometrico-verse-y-tenerse-por-muertos,analisis-estilometrico-verse-y-tenerse-por-muertos
LOPEdudosa_ViajeDelHombre,"Viaje del hombre, El",,https://etso.es/informes/analisis-estilometrico-el-viaje-del-hombre,analisis-estilometrico-el-viaje-del-hombre
DESCONOCIDO_ViciosDeComodo,"Vicios de Comodo, emperador romano, y su muerte y elección de Pertinaz y triunfo suyo en Roma, Los",,https://etso.es/informes/analisis-estilometrico-los-vicios-de-comodo-emperador-romano-y-su-muerte-y-eleccion-de,analisis-estilometrico-los-vicios-de-comodo-emperador-romano-y-su-muerte-y-eleccion-de
PALAU_VictoriaDeCristo(Transk-IMPR),Victoria de Cristo,,https://etso.es/informes/analisis-estilometrico-victoria-de-cristo,analisis-estilometrico-victoria-de-cristo
DESCONOCIDO_VidaYMartirioDeSanBartolome(Transk-MSS),"Vida y martirio de San Bartolomé, apóstol de Jesucristo, La",,https://etso.es/informes/analisis-estilometrico-la-vida-y-martirio-de-san-bartolome-apostol-de-jesucristo,analisis-estilometrico-la-vida-y-martirio-de-san-bartolome-apostol-de-jesucristo
ESPINOSA_DichosoDesdichado(Transk-IMPR),Vida y muerte de Poncio Pilato,"Dichoso desdichado, Poncio Pilato, El",https://etso.es/informes/analisis-estilometrico-vida-y-muerte-de-poncio-pilato,analisis-estilometrico-vida-y-muerte-de-poncio-pilato
DIAMANTE&ALII_VidaMuerteYColocacionSanIsidro(Transk-MSS),"Vida, muerte y colocación de San Isidro",,https://etso.es/informes/analisis-estilometrico-vida-muerte-y-colocacion-de-san-isidro,analisis-estilometrico-vida-muerte-y-colocacion-de-san-isidro
MORETO&CANCER_VirgenAurora,"Virgen de la Aurora, La",Nuestra señora de la Aurora,https://etso.es/informes/analisis-estilometrico-la-virgen-de-la-aurora,analisis-estilometrico-la-virgen-de-la-aurora
CALDERONdudosa_VirgenDeSopetran,"Virgen de Sopetrán, La","Batalla de Sopetrán, La",https://etso.es/informes/analisis-estilometrico-la-virgen-de-sopetran,analisis-estilometrico-la-virgen-de-sopetran
LOPE_YoMeEntiendo,Yo me entiendo,,https://etso.es/informes/analisis-estilometrico-yo-me-entiendo,analisis-estilometrico-yo-me-entiendo
VALDIVIELSO_ArbolDeLaVida(Auto)(Modern-Aut),"Árbol de la vida, El",,https://etso.es/informes/analisis-estilometrico-el-arbol-de-la-vida,analisis-estilometrico-el-arbol-de-la-vida