work_id,title,override_slug,automatic_slug,status,detail
ALARCON_DonDomingoDeDonBlas(SegundaParte),"Acomodado Don Domingo de Don Blas, El",analisis-estilometrico-el-acomodado-don-domingo-de-don-blas-segunda-parte,analisis-estilometrico-el-acomodado-don-domingo-de-don-blas,ok,present-in-old-csv
DESCONOCIDO_AcrisolarSuLeltad(Transk-IMPR),"Acrisolar la lealtad a la vista del rigor por fama, padre, y amor: Cosdroas y Siroe",analisis-estilometrico-acrisolar-la-lealtad-la-vista-del-rigor-por-fama-padre-y-amor,analisis-estilometrico-acrisolar-la-lealtad-a-la-vista-del-rigor-por-fama-padre-y-amor,ok,present-in-old-csv
CANIZARES_AdonisyVenus(Transk-MSS),Adonis y Venus,analisis-estilometrico-adonis-y-venus-0,analisis-estilometrico-adonis-y-venus,ok,present-in-old-csv
LOPE_AdonisYVenus,Adonis y Venus,analisis-estilometrico-adonis-y-venus,analisis-estilometrico-adonis-y-venus-0,ok,present-in-old-csv
CALDERON_AlcaideDeSiMismo,"Alcaide de sí mismo, El",analisis-estilometrico-alcaide-de-si-mismo-el,analisis-estilometrico-el-alcaide-de-si-mismo,ok,present-in-old-csv
LOPEdudosa_AlcaldeDeZalamea,"Alcalde de Zalamea, El",analisis-estilometrico-el-alcalde-de-zalamea,analisis-estilometrico-el-alcalde-de-zalamea-0,ok,present-in-old-csv
CALDERON_AlcaldeDeZalamea,"Alcalde de Zalamea, El",analisis-estilometrico-alcalde-de-zalamea-el,analisis-estilometrico-el-alcalde-de-zalamea,ok,present-in-old-csv
PACHECO_AlferezDeCristo(Transk-MSS),"Alférez de Cristo, El",analisis-estilometrico-alferez-de-cristo-el,analisis-estilometrico-el-alferez-de-cristo,ok,present-in-old-csv
MONTALBAN_AmantesDeTeruel,"Amantes de Teruel, Los",analisis-estilometrico-los-amantes-de-teruel-0,analisis-estilometrico-los-amantes-de-teruel,ok,present-in-old-csv
TIRSOdudosa_AmantesDeTeruel,"Amantes de Teruel, Los",analisis-estilometrico-los-amantes-de-teruel,analisis-estilometrico-los-amantes-de-teruel-0,ok,present-in-old-csv
LOPE_AmarSinSaberAQuien,Amar sin saber a quién,analisis-estilometrico-amar-sin-saber-quien,analisis-estilometrico-amar-sin-saber-a-quien,ok,present-in-old-csv
LANINI_AmorConvierteLasPiedras(Transk-MSS),Amor convierte a las piedras,analisis-estilometrico-amor-convierte-las-piedras,analisis-estilometrico-amor-convierte-a-las-piedras,ok,present-in-old-csv
VILLAVICIOSA&MATOS&ZABALETA_AmorHaceHablarLosMudos,"Amor hace hablar a los mudos, El",analisis-estilometrico-el-amor-hace-hablar-los-mudos-el-amante-mudo-la-fuerza-de-la-sangre,analisis-estilometrico-el-amor-hace-hablar-a-los-mudos,ok,present-in-old-csv
MORETO_AmorYObligacion,Amor y obligación,analisis-estilometrico-amor-y-obligacion-0,analisis-estilometrico-amor-y-obligacion,ok,present-in-old-csv
SOLIS_AmorYObligacion,Amor y obligación,analisis-estilometrico-amor-y-obligacion,analisis-estilometrico-amor-y-obligacion-0,ok,present-in-old-csv
RIPOLL_AntidotosDeLaGracia(Transk-IMPR),"Antídotos de la gracia contra infernales y venenos, María Santísima de la Novena",analisis-estilometrico-antidotos-de-la-gracia-contra-infernales-y-venenos-maria-santisima,analisis-estilometrico-antidotos-de-la-gracia-contra-infernales-y-venenos-maria,ok,present-in-old-csv
DESCONOCIDO_AntonioRoca,Antonio Roca,analisis-estilometrico-antonio-roca-0,analisis-estilometrico-antonio-roca,ok,present-in-old-csv
LOPEdudosa_AntonioRoca,Antonio Roca,analisis-estilometrico-antonio-roca,analisis-estilometrico-antonio-roca-0,ok,present-in-old-csv
CALDERON_ArbolDelMejorFruto(Auto),"Árbol del mejor fruto, El",analisis-estilometrico-el-arbol-del-mejor-fruto-0,analisis-estilometrico-el-arbol-del-mejor-fruto,ok,present-in-old-csv
TIRSO_ArbolDelMejorFruto,"Árbol del mejor fruto, El",analisis-estilometrico-el-arbol-del-mejor-fruto,analisis-estilometrico-el-arbol-del-mejor-fruto-0,ok,present-in-old-csv
CALDERON_ArmasDeLaHermosura,"Armas de la hermosura, Las",analisis-estilometrico-armas-de-la-hermosura-las,analisis-estilometrico-las-armas-de-la-hermosura,ok,present-in-old-csv
GONZALEZ-GARCI-GONZALEZ_AsombroDeLaItalia(Transk-IMPR),Asombro de la Italia y vida de la venerable Clara de Agolancia,analisis-estilometrico-el-asombro-de-la-italia-y-vida-de-la-venerable-clara-de-agolancia,analisis-estilometrico-asombro-de-la-italia-y-vida-de-la-venerable-clara-de-agolancia,ok,present-in-old-csv
QUIROGA_AstuciasDeLuzbel(Transk-IMPR),"Astucias de Luzbel contra las divinas profecias, Las",analisis-estilometrico-astucias-de-luzbel-contra-las-divinas-profecias-las,analisis-estilometrico-las-astucias-de-luzbel-contra-las-divinas-profecias,ok,present-in-old-csv
RAMOS-CASTILLO_AutoSacramental(Otro)(Auto)(Transk-IMPR),Auto Sacramental (Emp: Por la verde maleza),analisis-estilometrico-auto-sacramental-otro,analisis-estilometrico-auto-sacramental-emp-por-la-verde-maleza,ok,present-in-old-csv
RAMOS-CASTILLO_AutoSacramental(Auto)(Transk-IMPR),Auto Sacramental (Emp: Ya se despedía el mayo),analisis-estilometrico-auto-sacramental,analisis-estilometrico-auto-sacramental-emp-ya-se-despedia-el-mayo,ok,present-in-old-csv
CALDERON_BandaYLaFlor,"Banda y la flor, La",analisis-estilometrico-banda-y-la-flor-la,analisis-estilometrico-la-banda-y-la-flor,ok,present-in-old-csv
DESCONOCIDO_BarbaABarbaHonraSeCata,Barba a barba honra se cata,analisis-estilometrico-barba-barba-honra-se-cata,analisis-estilometrico-barba-a-barba-honra-se-cata,ok,present-in-old-csv
LIANO_BernardoDelCarpioEnFrancia(Transk-IMPR),Bernardo del Carpio en Francia,analisis-estilometrico-bernardo-del-carpio-segunda-parte-0,analisis-estilometrico-bernardo-del-carpio-en-francia,ok,present-in-old-csv
ARMENDARIZ_BurlasVeras,"Burlas veras, Las",analisis-estilometrico-las-burlas-veras-0,analisis-estilometrico-las-burlas-veras,ok,present-in-old-csv
LOPE_BurlasVeras,"Burlas veras, Las",analisis-estilometrico-las-burlas-veras,analisis-estilometrico-las-burlas-veras-0,ok,present-in-old-csv
LOPE_CaballeroDeOlmedo,"Caballero de Olmedo, El",analisis-estilometrico-el-caballero-de-olmedo,analisis-estilometrico-el-caballero-de-olmedo-0,ok,present-in-old-csv
DESCONOCIDO_CaballeroDeOlmedo,"Caballero de Olmedo, El",analisis-estilometrico-el-caballero-de-olmedo-la-viuda-por-casar,analisis-estilometrico-el-caballero-de-olmedo,ok,present-in-old-csv
CALDERON_CastilloDeLindabridis,"Castillo de Lindabridis, El",analisis-estilometrico-castillo-de-lindabridis-el-0,analisis-estilometrico-el-castillo-de-lindabridis,ok,present-in-old-csv
MIRA_CelosDeSanJose(Auto),"Celos de San José, Los",analisis-estilometrico-los-celos-de-san-jose-0,analisis-estilometrico-los-celos-de-san-jose,ok,present-in-old-csv
MONROY_CelosDeSanJose(Transk-IMPR),"Celos de San José, Los",analisis-estilometrico-los-celos-de-san-jose,analisis-estilometrico-los-celos-de-san-jose-0,ok,present-in-old-csv
DESCONOCIDO_CenaALoDivino(Auto),"Cena a lo divino, La",analisis-estilometrico-la-cena-lo-divino,analisis-estilometrico-la-cena-a-lo-divino,ok,present-in-old-csv
CALDERON_CismaDeInglaterra,"Cisma de Ingalaterra, La",analisis-estilometrico-cisma-de-ingalaterra-la,analisis-estilometrico-la-cisma-de-ingalaterra,ok,present-in-old-csv
DESCONOCIDO_ClerigoYCasadoAunTiempo(Transk-MSS),Clérigo y casado a un tiempo,analisis-estilometrico-clerigo-y-casado-un-tiempo,analisis-estilometrico-clerigo-y-casado-a-un-tiempo,ok,present-in-old-csv
MONTALBAN_ComoAPadreYComoRey(Transk-IMPR),Como a padre y como a rey,analisis-estilometrico-como-padre-y-como-rey,analisis-estilometrico-como-a-padre-y-como-a-rey,ok,present-in-old-csv
CUBILLO_CondeDeSaldana(PrimeraParte)(Transk-IMPR),"Conde de Saldaña, El (primera parte)",analisis-estilometrico-el-conde-de-saldana-primera-parte-el-bastardo-de-castilla,analisis-estilometrico-el-conde-de-saldana-primera-parte,ok,present-in-old-csv
CUBILLO_CondeDeSaldana(SegundaParte)(Transk-IMPR),"Conde de Saldaña, El (Segunda parte)",analisis-estilometrico-conde-de-saldana-el-segunda-parte,analisis-estilometrico-el-conde-de-saldana-segunda-parte,ok,present-in-old-csv
CALDERON_CondeLucanor,"Conde Lucanor, El",analisis-estilometrico-conde-lucanor-el,analisis-estilometrico-el-conde-lucanor,ok,present-in-old-csv
CARO_CondePartinuples,Conde Partinuplés,analisis-estilometrico-el-conde-partinuples,analisis-estilometrico-conde-partinuples,ok,present-in-old-csv
DESCONOCIDO_ConversionDeLaMagdalena(Auto)(Transk-MSS),"Conversión de la Magdalena, La",analisis-estilometrico-la-conversion-de-la-magdalena-0,analisis-estilometrico-la-conversion-de-la-magdalena,ok,present-in-old-csv
ENRIQUEZ_ConversionDeLaMagdalena(Transk-MSS),"Conversión de la Magdalena, La",analisis-estilometrico-la-conversion-de-la-magdalena,analisis-estilometrico-la-conversion-de-la-magdalena-0,ok,present-in-old-csv
VELEZ_CorteDelDemonio,"Corte del demonio, La",analisis-estilometrico-corte-del-demonio-la,analisis-estilometrico-la-corte-del-demonio,ok,present-in-old-csv
VELEZ_Creaciondelmundo,"Creación del mundo, La",analisis-estilometrico-la-creacion-del-mundo-0,analisis-estilometrico-la-creacion-del-mundo,ok,present-in-old-csv
CANIZARES_CuentasDelGranCapitan(Transk-IMPR),"Cuentas del Gran Capitán, Las",analisis-estilometrico-las-cuentas-del-gran-capitan-0,analisis-estilometrico-las-cuentas-del-gran-capitan,ok,present-in-old-csv
LOPE_CuentasDelGranCapitan,"Cuentas del Gran Capitán, Las",analisis-estilometrico-las-cuentas-del-gran-capitan,analisis-estilometrico-las-cuentas-del-gran-capitan-0,ok,present-in-old-csv
DIAMANTE_CumplirleADios,Cumplirle a Dios la palabra,analisis-estilometrico-cumplirle-dios-la-palabra,analisis-estilometrico-cumplirle-a-dios-la-palabra,ok,present-in-old-csv
CALDERON_DamaDuende,"Dama duende, La",analisis-estilometrico-dama-duende-la,analisis-estilometrico-la-dama-duende,ok,present-in-old-csv
CLARAMONTE_DeAlcalaAMadrid(Transk-IMPR),De Alcalá a Madrid,analisis-estilometrico-de-alcala-madrid,analisis-estilometrico-de-alcala-a-madrid,ok,present-in-old-csv
LOPE_DeCosarioACosario(Transk-IMPR),De cosario a cosario,analisis-estilometrico-de-cosario-cosario,analisis-estilometrico-de-cosario-a-cosario,ok,present-in-old-csv
DESCONOCIDO(3)_DeLaAbarcaALaCorona,De la abarca a la corona,analisis-estilometrico-de-la-abarca-la-corona,analisis-estilometrico-de-la-abarca-a-la-corona,ok,present-in-old-csv
CLARAMONTE_DeLoVivo,De lo vivo a lo pintado,analisis-estilometrico-de-lo-vivo-lo-pintado,analisis-estilometrico-de-lo-vivo-a-lo-pintado,ok,present-in-old-csv
DESCONOCIDO_DelMalLoMenos(Transk-IMPR),Del mal lo menos,analisis-estilometrico-del-mal-lo-menos-0,analisis-estilometrico-del-mal-lo-menos,ok,present-in-old-csv
LOPE_DelMalLoMenos,Del mal lo menos,analisis-estilometrico-del-mal-lo-menos,analisis-estilometrico-del-mal-lo-menos-0,ok,present-in-old-csv
LOPE_DelMonteSale,Del monte sale quien el monte quema,analisis-estilometrico-del-monte-sale,analisis-estilometrico-del-monte-sale-quien-el-monte-quema,ok,present-in-old-csv
DESCONOCIDO_DelSepulcroALaCorona(Transk-MSS),Del sepulcro a la corona,analisis-estilometrico-del-sepulcro-la-corona,analisis-estilometrico-del-sepulcro-a-la-corona,ok,present-in-old-csv
TIRSO_DesdeToledo,Desde Toledo a Madrid,analisis-estilometrico-desde-toledo-madrid,analisis-estilometrico-desde-toledo-a-madrid,ok,present-in-old-csv
CALDERON_DesdichaDeLaVoz,"Desdicha de la voz, La",analisis-estilometrico-desdicha-de-la-voz-la,analisis-estilometrico-la-desdicha-de-la-voz,ok,present-in-old-csv
MONTALBAN_DesdichaVenturosa(Transk-IMPR),"Desdicha venturosa, La",analisis-estilometrico-la-desdicha-venturosa-0,analisis-estilometrico-la-desdicha-venturosa,ok,present-in-old-csv
VAEZ-ARTUS_DesdichaVenturosa(Transk-IMPR),"Desdicha venturosa, La",analisis-estilometrico-la-desdicha-venturosa,analisis-estilometrico-la-desdicha-venturosa-0,ok,present-in-old-csv
LOPE_DespertarAQuien,"Despertar a quien duerme, El",analisis-estilometrico-el-despertar-quien-duerme,analisis-estilometrico-el-despertar-a-quien-duerme,ok,present-in-old-csv
CALDERON_DevocionDeLaMisa(Auto),"Devoción de la misa, La",analisis-estilometrico-la-devocion-de-la-misa-0,analisis-estilometrico-la-devocion-de-la-misa,ok,present-in-old-csv
VELEZ_DevocionDeLaMisa,"Devoción de la misa, La",analisis-estilometrico-la-devocion-de-la-misa,analisis-estilometrico-la-devocion-de-la-misa-0,ok,present-in-old-csv
LOPE_DevocionDelRosario,"Devoción del rosario, La",analisis-estilometrico-la-devocion-del-rosario,analisis-estilometrico-la-devocion-del-rosario-0,ok,present-in-old-csv
DIAMANTE_DevocionDelRosario(Transk-IMPR),"Devoción del Rosario, La",analisis-estilometrico-la-devocion-del-rosario-0,analisis-estilometrico-la-devocion-del-rosario,ok,present-in-old-csv
DESCONOCIDO_DidoYEneas,Dido y Eneas,analisis-estilometrico-dido-y-eneas-1,analisis-estilometrico-dido-y-eneas-0,ok,present-in-old-csv
MORALES_DidoYEneas,Dido y Eneas,analisis-estilometrico-dido-y-eneas-0,analisis-estilometrico-dido-y-eneas-1,ok,present-in-old-csv
VILLEGAS_DiosHaceJusticiaATodos(Transk-IMPR),Dios hace justicia a todos,analisis-estilometrico-dios-hace-justicia-todos,analisis-estilometrico-dios-hace-justicia-a-todos,ok,present-in-old-csv
LOPE_DonJuanDeCastro(PrimeraParte),Don Juan de Castro (primera parte),analisis-estilometrico-don-juan-de-castro-primera-parte-las-fortunas-de-don-juan-de-castro,analisis-estilometrico-don-juan-de-castro-primera-parte,ok,present-in-old-csv
CALDERON_DosAmantes,"Dos amantes del cielo, Los",analisis-estilometrico-dos-amantes-del-cielo-los,analisis-estilometrico-los-dos-amantes-del-cielo,ok,present-in-old-csv
DESCONOCIDO_EmpenoYDesempeno(Auto)(Transk-MSS),"Empeño y desempeño del Santísimo Sacramento por san Luis rey de Francia, El",analisis-estilometrico-el-empeno-y-desempeno-del-santisimo-sacramento-por-san-luis-rey-de,analisis-estilometrico-el-empeno-y-desempeno-del-santisimo-sacramento-por-san-luis-rey,ok,present-in-old-csv
CALDERON_EmpenosDeUnAcaso,"Empeños de un acaso, Los",analisis-estilometrico-empenos-de-un-acaso-los,analisis-estilometrico-los-empenos-de-un-acaso,ok,present-in-old-csv
MORETO&ROJAS&MONTALBAN_EmpezarASerAmigos,Empezar a ser amigos,analisis-estilometrico-empezar-ser-amigos,analisis-estilometrico-empezar-a-ser-amigos,ok,present-in-old-csv
CALDERON_EncantoSinEncanto,"Encanto sin encanto, El",analisis-estilometrico-encanto-sin-encanto-el,analisis-estilometrico-el-encanto-sin-encanto,ok,present-in-old-csv
LOPEdudosa_EnmendarUnDanoAOtro,Enmendar un daño a otro,analisis-estilometrico-enmendar-un-dano-otro,analisis-estilometrico-enmendar-un-dano-a-otro,ok,present-in-old-csv
DESCONOCIDO_Escarraman(Auto)(Transk-MSS),Escarramán,analisis-estilometrico-escarraman-0,analisis-estilometrico-escarraman,ok,present-in-old-csv
MATOS_Escarraman,Escarramán,analisis-estilometrico-escarraman,analisis-estilometrico-escarraman-0,ok,present-in-old-csv
DESCONOCIDO_EsclavoALoDivino(Auto)(Transk-MSS),"Esclavo a lo divino y mártir de Zaragoza, El",analisis-estilometrico-el-esclavo-lo-divino-y-martir-de-zaragoza,analisis-estilometrico-el-esclavo-a-lo-divino-y-martir-de-zaragoza,ok,present-in-old-csv
LOPE_EspanolesEnFlandes,"Españoles en Flandes, Los",analisis-estilometrico-las-espanoles-en-flandes,analisis-estilometrico-los-espanoles-en-flandes,ok,present-in-old-csv
CALDERON_EstatuaDePrometeo,"Estatua de Prometeo, La",analisis-estilometrico-estatua-de-prometeo-la,analisis-estilometrico-la-estatua-de-prometeo,ok,present-in-old-csv
DESCONOCIDO_EstrellaQueAlumbraAOrgaz(Transk-IMPR),"Estrella que alumbra a Orgaz, Nuestra Señora del Socorro",analisis-estilometrico-estrella-que-alumbra-orgaz-nuestra-senora-del-socorro,analisis-estilometrico-estrella-que-alumbra-a-orgaz-nuestra-senora-del-socorro,ok,present-in-old-csv
CALDERON_ExaltacionDeLaCruz,"Exaltación de la cruz, La",analisis-estilometrico-exaltacion-de-la-cruz-la,analisis-estilometrico-la-exaltacion-de-la-cruz,ok,present-in-old-csv
CALDERON_Faetonte,"Faetonte, El",analisis-estilometrico-faetonte-el,analisis-estilometrico-el-faetonte,ok,present-in-old-csv
HERRERA_FeNoHaMenesterArmas,"Fe no ha menester armas y venida del inglés a Cádiz, La",analisis-estilometrico-fe-no-ha-menester-armas-y-venida-del-ingles-cadiz-la,analisis-estilometrico-la-fe-no-ha-menester-armas-y-venida-del-ingles-a-cadiz,ok,present-in-old-csv
ALMEIDA-PINTO_FelizRestauracionDePortugal,"Feliz restauración de Portugal y muerte del secretario Miguel de Vasconcelos, La",analisis-estilometrico-la-feliz-restauracion-de-portugal-y-muerte-del-secretario-miguel-de,analisis-estilometrico-la-feliz-restauracion-de-portugal-y-muerte-del-secretario-miguel,ok,present-in-old-csv
CALDERON_FieraElRayo,"Fiera, el rayo y la piedra, El",analisis-estilometrico-fiera-el-rayo-y-la-piedra-el,analisis-estilometrico-el-fiera-el-rayo-y-la-piedra,ok,present-in-old-csv
TIRSO_FingidaArcadia,"Fingida Arcadia, La",analisis-estilometrico-la-fingida-arcadia,analisis-estilometrico-la-fingida-arcadia-0,ok,present-in-old-csv
MORETO&CALDERON_FingidaArcadia,"Fingida Arcadia, La",analisis-estilometrico-la-fingida-arcadia-la-arcadia-fingida,analisis-estilometrico-la-fingida-arcadia,ok,present-in-old-csv
CALDERON_FortunasDeAndromedaYPerseo(Comedia),"Fortunas de Andrómeda y Perseo, Las",analisis-estilometrico-fortunas-de-andromeda-y-perseo-las,analisis-estilometrico-las-fortunas-de-andromeda-y-perseo,ok,present-in-old-csv
MALASPINA_FuerzaDeLaVerdad(Transk-IMPR),"Fuerza de la verdad, La",analisis-estilometrico-el-diablo-predicador-la-fuerza-de-la-verdad,analisis-estilometrico-la-fuerza-de-la-verdad,ok,present-in-old-csv
TARREGA_FundacionDeLaOrdenMerced(Transk-IMPR),Fundación de la Orden de Nuestra Señora de la Merced por el Rey don Jaime,analisis-estilometrico-fundacion-de-la-orden-de-nuestra-senora-de-la-merced-por-el-rey-don,analisis-estilometrico-fundacion-de-la-orden-de-nuestra-senora-de-la-merced-por-el-rey,ok,present-in-old-csv
CALDERON_GalanFantasma,"Galán fantasma, El",analisis-estilometrico-galan-fantasma-el,analisis-estilometrico-el-galan-fantasma,ok,present-in-old-csv
ESQUIVEL_GalantearATodas(Transk-IMPR),Galantear a todas y no amar a ninguna,analisis-estilometrico-galantear-todas-y-no-amar-ninguna,analisis-estilometrico-galantear-a-todas-y-no-amar-a-ninguna,ok,present-in-old-csv
VILLEGAS-JUAN_GalasALaVejez(Transk-IMPR),"Galas a la vejez, Las",analisis-estilometrico-las-galas-la-vejez,analisis-estilometrico-las-galas-a-la-vejez,ok,present-in-old-csv
DIAMANTE&LANINI_GranCardenalDeEspanaCisneros(PrimeraParte)(Transk-MSS),"Gran cardenal de España fray Francisco Jiménez de Cisneros, El (primera parte)",analisis-estilometrico-el-gran-cardenal-de-espana-fray-francisco-jimenez-de-cisneros-0,analisis-estilometrico-el-gran-cardenal-de-espana-fray-francisco-jimenez-de-cisneros,ok,present-in-old-csv
DIAMANTE&LANINI_FrayFranciscoJimenezDeCisneros(SegundaParte)(Transk-MSS),"Gran cardenal de España fray Francisco Jiménez de Cisneros, El (segunda parte)",analisis-estilometrico-el-gran-cardenal-de-espana-fray-francisco-jimenez-de-cisneros,analisis-estilometrico-el-gran-cardenal-de-espana-fray-francisco-jimenez-de-cisneros-0,ok,present-in-old-csv
CALDERON_GranCenobia,"Gran Cenobia, La",analisis-estilometrico-gran-cenobia-la,analisis-estilometrico-la-gran-cenobia,ok,present-in-old-csv
OLIVARES_GuardarPalabraALosSantos(Transk-IMPR),Guardar palabra a los santos,analisis-estilometrico-guardar-palabra-los-santos,analisis-estilometrico-guardar-palabra-a-los-santos,ok,present-in-old-csv
BELMONTE&MARTINEZ_HameteDeToledo(Transk-IMPR),"Hamete de Toledo, El",analisis-estilometrico-el-hamete-de-toledo-0,analisis-estilometrico-el-hamete-de-toledo,ok,present-in-old-csv
LOPE_HameteDeToledo,"Hamete de Toledo, El",analisis-estilometrico-el-hamete-de-toledo,analisis-estilometrico-el-hamete-de-toledo-0,ok,present-in-old-csv
DESCONOCIDO(3)_HameteDeToledo(Burlesca),"Hamete de Toledo, El (Burlesca)",analisis-estilometrico-hamete-de-toledo-el-burlesca,analisis-estilometrico-el-hamete-de-toledo-burlesca,ok,present-in-old-csv
DESCONOCIDO_HazBienYNoMiresAQuien,Haz bien y no mires a quien,analisis-estilometrico-haz-bien-y-no-mires-quien,analisis-estilometrico-haz-bien-y-no-mires-a-quien,ok,present-in-old-csv
DIAMANTE_HerculesDeOcana,"Hércules de Ocaña, El",analisis-estilometrico-el-hercules-de-ocana-0,analisis-estilometrico-el-hercules-de-ocana,ok,present-in-old-csv
VELEZ_HerculesDeOcana,"Hércules de Ocaña, El",analisis-estilometrico-el-hercules-de-ocana,analisis-estilometrico-el-hercules-de-ocana-0,ok,present-in-old-csv
CALDERON_HijaDelAire(PrimeraParte),"Hija del aire, La (primera parte)",analisis-estilometrico-hija-del-aire-la-primera-parte,analisis-estilometrico-la-hija-del-aire-primera-parte,ok,present-in-old-csv
CALDERON_HijaDelAire(SegundaParte),"Hija del aire, La (segunda parte)",analisis-estilometrico-hija-del-aire-la-segunda-parte,analisis-estilometrico-la-hija-del-aire-segunda-parte,ok,present-in-old-csv
BENEYTO_HijoObediente(Transk-IMPR),"Hijo obediente, El",analisis-estilometrico-el-hijo-obediente-0,analisis-estilometrico-el-hijo-obediente,ok,present-in-old-csv
MORETO_HijoObediente,"Hijo obediente, El",analisis-estilometrico-el-hijo-obediente,analisis-estilometrico-el-hijo-obediente-0,ok,present-in-old-csv
LOPE_HijoProdigo(Auto),"Hijo pródigo, El",analisis-estilometrico-el-hijo-prodigo-2,analisis-estilometrico-el-hijo-prodigo-0,ok,present-in-old-csv
REMON_HijoProdigo(Auto),"Hijo pródigo, El",analisis-estilometrico-el-hijo-prodigo-0,analisis-estilometrico-el-hijo-prodigo-1,ok,present-in-old-csv
VALDIVIELSO_HijoProdigo(Auto),"Hijo pródigo, El",analisis-estilometrico-el-hijo-prodigo-1,analisis-estilometrico-el-hijo-prodigo-2,ok,present-in-old-csv
CALDERON_HijosDeLaFortuna,"Hijos de la fortuna, Teágenes y Cariclea, Los",analisis-estilometrico-hijos-de-la-fortuna-teagenes-y-cariclea-los,analisis-estilometrico-los-hijos-de-la-fortuna-teagenes-y-cariclea,ok,present-in-old-csv
CALDERON_HombrePobre,"Hombre pobre todo es trazas, El",analisis-estilometrico-hombre-pobre-todo-es-trazas-el,analisis-estilometrico-el-hombre-pobre-todo-es-trazas,ok,present-in-old-csv
CLARAMONTE_Honrado,Honrado con su sangre,analisis-estilometrico-el-honrado-con-su-sangre,analisis-estilometrico-honrado-con-su-sangre,ok,present-in-old-csv
PRADO_IrBuscandoAQuienMeSigue(Modern-Aut),Ir buscando a quien me sigue,analisis-estilometrico-ir-buscando-quien-me-sigue,analisis-estilometrico-ir-buscando-a-quien-me-sigue,ok,present-in-old-csv
DIAMANTE_IrPorElRiesgoALaDicha,Ir por el riesgo a la dicha,analisis-estilometrico-ir-por-el-riesgo-la-dicha,analisis-estilometrico-ir-por-el-riesgo-a-la-dicha,ok,present-in-old-csv
ROJAS&COELLO&CALDERON_JardinDeFalerina,"Jardín de Falerina, El",analisis-estilometrico-el-jardin-de-falerina,analisis-estilometrico-el-jardin-de-falerina-1,ok,present-in-old-csv
CALDERON_JardinDeFalerina,"Jardín de Falerina, El",analisis-estilometrico-jardin-de-falerina-el,analisis-estilometrico-el-jardin-de-falerina,ok,present-in-old-csv
CALDERON_JoseDeLasMujeres,"José de las mujeres, El",analisis-estilometrico-jose-de-las-mujeres-el,analisis-estilometrico-el-jose-de-las-mujeres,ok,present-in-old-csv
DIAMANTE_LaberintoDeCreta(Transk-IMPR),"Laberinto de Creta, El",analisis-estilometrico-el-laberinto-de-creta-1,analisis-estilometrico-el-laberinto-de-creta,ok,present-in-old-csv
LOPE_LaberintoDeCreta,"Laberinto de Creta, El",analisis-estilometrico-el-laberinto-de-creta,analisis-estilometrico-el-laberinto-de-creta-0,ok,present-in-old-csv
TIRSO_LaberintoDeCreta(Auto),"Laberinto de Creta, El",analisis-estilometrico-el-laberinto-de-creta-0,analisis-estilometrico-el-laberinto-de-creta-1,ok,present-in-old-csv
CALDERON_LaurelDeApolo,"Laurel de Apolo, El",analisis-estilometrico-laurel-de-apolo-el,analisis-estilometrico-el-laurel-de-apolo,ok,present-in-old-csv
MIRA_LisesDeFrancia,"Lises de Francia, Las",analisis-estilometrico-los-lises-de-francia,analisis-estilometrico-las-lises-de-francia,ok,present-in-old-csv
RAMIREZ-ARELLANO_LoQueCiegaLaPasion(Transk-IMPR),Lo que ciega una pasión a una mujer despechada,analisis-estilometrico-lo-que-ciega-una-pasion-una-mujer-despechada,analisis-estilometrico-lo-que-ciega-una-pasion-a-una-mujer-despechada,ok,present-in-old-csv
MIRA_LoQueNoEsCasarse,Lo que no es casarse a gusto,analisis-estilometrico-lo-que-no-es-casarse-gusto,analisis-estilometrico-lo-que-no-es-casarse-a-gusto,ok,present-in-old-csv
CANIZARES_LoQueVaDeCetroACetro(Transk-IMPR),Lo que va de cetro a cetro y crueldad de Inglaterra,analisis-estilometrico-lo-que-va-de-cetro-cetro-y-crueldad-de-inglaterra,analisis-estilometrico-lo-que-va-de-cetro-a-cetro-y-crueldad-de-inglaterra,ok,present-in-old-csv
CALDERON_LoQueVaDelHombre(Auto),Lo que va del hombre a Dios,analisis-estilometrico-lo-que-va-del-hombre-dios,analisis-estilometrico-lo-que-va-del-hombre-a-dios,ok,present-in-old-csv
TORRE-SEVIL_FiestasDesamparados(Loa),Loa inscrita en las Reales fiestas a la Virgen de los Desamparados,analisis-estilometrico-loa-inscrita-en-las-reales-fiestas-la-virgen-de-los-desamparados,analisis-estilometrico-loa-inscrita-en-las-reales-fiestas-a-la-virgen-de-los-desamparados,ok,present-in-old-csv
CALDERON_MagicoProdigioso,"Mágico prodigioso, El",analisis-estilometrico-magico-prodigioso-el,analisis-estilometrico-el-magico-prodigioso,ok,present-in-old-csv
CALDERONdudosa_MalPagadorEnPajas(Transk-IMPR),Mal pagador en pajas,analisis-estilometrico-el-mal-pagador-en-pajas,analisis-estilometrico-mal-pagador-en-pajas,ok,present-in-old-csv
CALDERON_ManosBlancas,"Manos blancas no ofenden, Las",analisis-estilometrico-manos-blancas-no-ofenden-las,analisis-estilometrico-las-manos-blancas-no-ofenden,ok,present-in-old-csv
ACEVEDO-ANGELA_MargaritaDelTajo(Transk-IMPR),"Margarita del Tajo que dio nombre a Santarén, La",analisis-estilometrico-la-margarita-del-tajo-que-dio-nombre-santaren,analisis-estilometrico-la-margarita-del-tajo-que-dio-nombre-a-santaren,ok,present-in-old-csv
MONROY_MasValeAQuienDiosAyudaPastorMasPerseguido(Transk-IMPR),"Más vale a quien Dios ayuda, Esaú y Jacob, o el Pastor más perseguido y finezas de Raquel",analisis-estilometrico-mas-vale-quien-dios-ayuda-esau-y-jacob-el-pastor-mas-perseguido-y,analisis-estilometrico-mas-vale-a-quien-dios-ayuda-esau-y-jacob-o-el-pastor-mas,ok,present-in-old-csv
LOPE_Maya(Auto),"Maya, La",analisis-estilometrico-la-maya-0,analisis-estilometrico-la-maya,ok,present-in-old-csv
QUINONES_Maya(Entremes),"Maya, La",analisis-estilometrico-la-maya,analisis-estilometrico-la-maya-0,ok,present-in-old-csv
CALDERON_MayorEncantoAmor,"Mayor encanto, amor, El",analisis-estilometrico-mayor-encanto-amor-el,analisis-estilometrico-el-mayor-encanto-amor,ok,present-in-old-csv
CALDERON_MayorMonstruo,"Mayor monstruo del mundo, El",analisis-estilometrico-mayor-monstruo-del-mundo-el,analisis-estilometrico-el-mayor-monstruo-del-mundo,ok,present-in-old-csv
LOPEdudosa_MedicoDeSuHonra,"Médico de su honra, El",analisis-estilometrico-el-medico-de-su-honra,analisis-estilometrico-el-medico-de-su-honra-0,ok,present-in-old-csv
CALDERON_MedicoDeSuHonra,"Médico de su honra, El",analisis-estilometrico-el-medico-de-su-honra-el-celoso-de-su-honra,analisis-estilometrico-el-medico-de-su-honra,ok,present-in-old-csv
BELMONTE&ROJAS&CALDERONdudosa_MejorAmigoElMuerto(VersionImpresos),"Mejor amigo, el muerto y fortunas de don Juan de Castro, El (Versión impresos)",analisis-estilometrico-el-mejor-amigo-el-muerto-y-fortunas-de-don-juan-de-castro-version-0,analisis-estilometrico-el-mejor-amigo-el-muerto-y-fortunas-de-don-juan-de-castro-version,ok,present-in-old-csv
BELMONTE&ROJAS&CALDERON_MejorAmigoElMuerto(VersionManuscritos),"Mejor amigo, el muerto y fortunas de don Juan de Castro, El (Versión manuscritos)",analisis-estilometrico-el-mejor-amigo-el-muerto-y-fortunas-de-don-juan-de-castro-version,analisis-estilometrico-el-mejor-amigo-el-muerto-y-fortunas-de-don-juan-de-castro-version-0,ok,present-in-old-csv
FIGUEROA-DIEGO-Y-JOSE_MentirYMudarseAUnTiempo(Transk-IMPR),Mentir y mudarse a un tiempo,analisis-estilometrico-mentir-y-mudarse-un-tiempo,analisis-estilometrico-mentir-y-mudarse-a-un-tiempo,ok,present-in-old-csv
LOPE_MiradAQuienAlabais,Mirad a quién alabáis,analisis-estilometrico-mirad-quien-alabais,analisis-estilometrico-mirad-a-quien-alabais,ok,present-in-old-csv
CANCER_MocedadesDelCid,"Mocedades del Cid, Las",analisis-estilometrico-las-mocedades-del-cid-las-travesuras-del-cid,analisis-estilometrico-las-mocedades-del-cid,ok,present-in-old-csv
CALDERON_MonstruoDeLosJardines,"Monstruo de los jardines, El",analisis-estilometrico-monstruo-de-los-jardines-el,analisis-estilometrico-el-monstruo-de-los-jardines,ok,present-in-old-csv
CABEZA_MorirAUnTiempoYVivir(Transk-IMPR),Morir a un tiempo y vivir,analisis-estilometrico-morir-un-tiempo-y-vivir,analisis-estilometrico-morir-a-un-tiempo-y-vivir,ok,present-in-old-csv
GONZALEZ-BUSTOS_MosqueteroDeFlandes(Transk-IMPR),"Mosquetero de Flandes, El",analisis-estilometrico-mosquetero-de-flandes,analisis-estilometrico-el-mosquetero-de-flandes,ok,present-in-old-csv
DESCONOCIDO_NegacionDeLaPosadaASanJose(Auto)(Transk-MSS),"Negación de la posada a San José, La",analisis-estilometrico-la-negacion-de-la-posada-san-jose,analisis-estilometrico-la-negacion-de-la-posada-a-san-jose,ok,present-in-old-csv
VELEZ_NegroDelSerafin,"Negro del Serafín, El",analisis-estilometrico-el-negro-del-serafin-el-santo-negro-rosambuco,analisis-estilometrico-el-negro-del-serafin-0,ok,present-in-old-csv
DIAMANTE_NoAspirarAMerecer(Modern-Aut),No aspirar a merecer,analisis-estilometrico-no-aspirar-merecer,analisis-estilometrico-no-aspirar-a-merecer,ok,present-in-old-csv
ZAMORA_NoHayDeudaQueNoSePague(Transk-IMPR),No hay plazo que no se cumpla ni deuda que no se pague y convidado de piedra,analisis-estilometrico-no-hay-plazo-que-no-se-cumpla-ni-deuda-que-no-se-pague-y-convidado,analisis-estilometrico-no-hay-plazo-que-no-se-cumpla-ni-deuda-que-no-se-pague-y,ok,present-in-old-csv
MONTALBAN_NoHayVidaComoLaHonra(Transk-IMPR),No hay vida como la honra,analisis-estilometrico-no-hay-vida-como-la-honra,analisis-estilometrico-no-hay-vida-como-la-honra-0,ok,present-in-old-csv
DESCONOCIDO_NoHayVidaComoLaHonra(Burlesca),No hay vida como la honra,analisis-estilometrico-no-hay-vida-como-la-honra-no-hay-vida-como-la-olla,analisis-estilometrico-no-hay-vida-como-la-honra,ok,present-in-old-csv
VILLAVICIOSA&MATOS&MORETO_NuestraSenoraDelPilar,Nuestra Señora del Pilar,analisis-estilometrico-nuestra-senora-del-pilar-0,analisis-estilometrico-nuestra-senora-del-pilar,ok,present-in-old-csv
SANCHEZ-FELIPE_NuestraSenoraDelPilar(Auto)(Transk-IMPR),Nuestra Señora del Pilar,analisis-estilometrico-nuestra-senora-del-pilar,analisis-estilometrico-nuestra-senora-del-pilar-0,ok,present-in-old-csv
CLARAMONTE_NuevoReyGallinato,"Nuevo rey Gallinato, El",analisis-estilometrico-el-nuevo-rey-gallinato-y-la-ventura-por-desgracia,analisis-estilometrico-el-nuevo-rey-gallinato,ok,present-in-old-csv
VELEZ_ObligacionALasMujeres,"Obligación a las mujeres, La",analisis-estilometrico-la-obligacion-las-mujeres,analisis-estilometrico-la-obligacion-a-las-mujeres,ok,present-in-old-csv
MORETO&MENESES&MATOS_Oponerse,Oponerse a las estrellas,analisis-estilometrico-oponerse-las-estrellas,analisis-estilometrico-oponerse-a-las-estrellas,ok,present-in-old-csv
VELEZ_PalabrasALosReyes,"Palabras a los reyes, Las",analisis-estilometrico-las-palabras-los-reyes,analisis-estilometrico-las-palabras-a-los-reyes,ok,present-in-old-csv
CALDERON_ParaVencerAAmor,"Para vencer a amor, querer vencerle",analisis-estilometrico-para-vencer-amor-querer-vencerle,analisis-estilometrico-para-vencer-a-amor-querer-vencerle,ok,present-in-old-csv
CALDERON_PastorFido(Auto),"Pastor Fido, El",analisis-estilometrico-el-pastor-fido-0,analisis-estilometrico-el-pastor-fido,ok,present-in-old-csv
SOLIS&COELLO&CALDERON_PastorFido(Transk-IMPR),"Pastor Fido, El",analisis-estilometrico-el-pastor-fido,analisis-estilometrico-el-pastor-fido-0,ok,present-in-old-csv
CERVANTES_PedroDeUrdemalas,Pedro de Urdemalas,analisis-estilometrico-pedro-de-urdemalas-1,analisis-estilometrico-pedro-de-urdemalas,ok,present-in-old-csv
LOPEdudosa_PedroDeUrdemalas,Pedro de Urdemalas,analisis-estilometrico-pedro-de-urdemalas,analisis-estilometrico-pedro-de-urdemalas-1,ok,present-in-old-csv
MONROY_PerdonarPorNoPoderseVengar(Transk-IMPR),Perdonar por no poderse vengar,analisis-estilometrico-perdonar-no-poderse-vengar,analisis-estilometrico-perdonar-por-no-poderse-vengar,ok,present-in-old-csv
DESCONOCIDO_PlumaPurpuraYEspada(Transk-IMPR),"Pluma, púrpura y espada solo en Cisneros se halla y restauración de Orán",analisis-estilometrico-pluma-purpura-y-espada-solo-en-cisneros-se-halla-y-restauracion-de,analisis-estilometrico-pluma-purpura-y-espada-solo-en-cisneros-se-halla-y-restauracion,ok,present-in-old-csv
HURTADO_PremioDeLaVirtud(Transk-IMPR),"Premio de la virtud, El",analisis-estilometrico-el-premio-de-la-virtud-y-sucesos-prodigiosos-de-don-pedro-guerrero,analisis-estilometrico-el-premio-de-la-virtud-0,ok,present-in-old-csv
HERRERA_PrimerTemploDeEspana(Transk-MSS),"Primer templo de España y San Segundo Obispo de Ávila, El",analisis-estilometrico-primer-templo-de-espana-y-san-segundo-obispo-de-avila-el,analisis-estilometrico-el-primer-templo-de-espana-y-san-segundo-obispo-de-avila,ok,present-in-old-csv
DESCONOCIDO_ProgneYFilomena,Progne y Filomena,analisis-estilometrico-progne-y-filomena-1,analisis-estilometrico-progne-y-filomena-0,ok,present-in-old-csv
ROJAS_ProgneYFilomena,Progne y Filomena,analisis-estilometrico-progne-y-filomena-0,analisis-estilometrico-progne-y-filomena-1,ok,present-in-old-csv
SALUCIO_ProsperaFortuna,"Próspera fortuna del muy noble caballero Ruy López de Ávalos el Bueno, La",analisis-estilometrico-la-prospera-fortuna-del-muy-noble-caballero-ruy-lopez-de-avalos-el,analisis-estilometrico-la-prospera-fortuna-del-muy-noble-caballero-ruy-lopez-de-avalos,ok,present-in-old-csv
ALARCON_QuienEnganaMas,Quién engaña más a quién,analisis-estilometrico-quien-engana-mas-quien,analisis-estilometrico-quien-engana-mas-a-quien,ok,present-in-old-csv
TIRSO_QuinasDePortugal,"Quinas de Portugal, Las",analisis-estilometrico-las-quinas-de-portugal-0,analisis-estilometrico-las-quinas-de-portugal,ok,present-in-old-csv
CUBILLO_RayoDeAndalucia(PrimeraParte)(Transk-IMPR),Rayo de Andalucía y genízaro de España (primera parte),analisis-estilometrico-el-rayo-de-andalucia-y-genizaro-de-espana-primera-parte,analisis-estilometrico-rayo-de-andalucia-y-genizaro-de-espana-primera-parte,ok,present-in-old-csv
CUBILLO_RayoDeAndalucia(SegundaParte)(Transk-IMPR),Rayo de Andalucía y genízaro de España (segunda parte),analisis-estilometrico-el-rayo-de-andalucia-y-genizaro-de-espana-segunda-parte,analisis-estilometrico-rayo-de-andalucia-y-genizaro-de-espana-segunda-parte,ok,present-in-old-csv
FIGUEROA-DIEGO-Y-JOSE_RendirseALaObligacion(Transk-IMPR),Rendirse a la obligación,analisis-estilometrico-rendirse-la-obligacion,analisis-estilometrico-rendirse-a-la-obligacion,ok,present-in-old-csv
QUINONES_RoqueFigueroaMadrid(Loa),Roque de Figueroa a empezar en Madrid,analisis-estilometrico-roque-de-figueroa-empezar-en-madrid,analisis-estilometrico-roque-de-figueroa-a-empezar-en-madrid,ok,present-in-old-csv
VELEZ_RosaDeAlejandria,"Rosa de Alejandría, La",analisis-estilometrico-la-rosa-de-alejandria,analisis-estilometrico-la-rosa-de-alejandria-0,ok,present-in-old-csv
ROSETE_RosaDeAlejandria(Transk-IMPR),"Rosa de Alejandría, La",analisis-estilometrico-la-rosa-de-alejandria-santa-catalina-virgen-martir-y-doctora,analisis-estilometrico-la-rosa-de-alejandria,ok,present-in-old-csv
LANINI_SaberObligarADios(Transk-MSS),Saber obligar a Dios para llegar a ser rey,analisis-estilometrico-saber-obligar-dios-para-llegar-ser-rey,analisis-estilometrico-saber-obligar-a-dios-para-llegar-a-ser-rey,ok,present-in-old-csv
DESCONOCIDO_SanBartolomePrincipeDeLaIndia(Transk-MSS),"San Bartolomé, príncipe de la India del Pigu y apóstol de Jesucristo (comedia segunda)",analisis-estilometrico-san-bartolome-principe-de-la-india-del-pigu-y-apostol-de-jesucristo,analisis-estilometrico-san-bartolome-principe-de-la-india-del-pigu-y-apostol-de,ok,present-in-old-csv
LOPEdudosa_SanIsidroLabrador,San Isidro labrador de Madrid y victoria de las Navas de Tolosa por el rey don Alfonso,analisis-estilometrico-san-isidro-labrador-de-madrid-y-victoria-de-las-navas-de-tolosa-por,analisis-estilometrico-san-isidro-labrador-de-madrid-y-victoria-de-las-navas-de-tolosa,ok,present-in-old-csv
ENRIQUEZ_SantaTaez,Santa Táez,analisis-estilometrico-santa-taez-0,analisis-estilometrico-santa-taez,ok,present-in-old-csv
ROJAS_SantaTaez,Santa Táez,analisis-estilometrico-santa-taez,analisis-estilometrico-santa-taez-0,ok,present-in-old-csv
CALDERON_SantoRey(PrimeraParte)(Auto),"Santo rey don Fernando, El (primera parte)",analisis-estilometrico-el-santo-rey-ron-fernando-primera-parte,analisis-estilometrico-el-santo-rey-don-fernando-primera-parte,ok,present-in-old-csv
CALDERON_SecretoAVoces,"Secreto a voces, El (según autógrafo)",analisis-estilometrico-el-secreto-voces-segun-autografo,analisis-estilometrico-el-secreto-a-voces-segun-autografo,ok,present-in-old-csv
ALARCON_SemejanteASiMismo,"Semejante a sí mismo, El",analisis-estilometrico-el-semejante-si-mismo,analisis-estilometrico-el-semejante-a-si-mismo,ok,present-in-old-csv
LOPE_SerranaDeLaVera,"Serrana de la Vera, La",analisis-estilometrico-la-serrana-de-la-vera-0,analisis-estilometrico-la-serrana-de-la-vera,ok,present-in-old-csv
VELEZ_SerranaDeLaVera,"Serrana de la Vera, La",analisis-estilometrico-la-serrana-de-la-vera,analisis-estilometrico-la-serrana-de-la-vera-0,ok,present-in-old-csv
LOPE_ServirABuenos,"Servir a buenos, El",analisis-estilometrico-el-servir-buenos,analisis-estilometrico-el-servir-a-buenos,ok,present-in-old-csv
LOPE_ServirASenor,Servir a señor discreto,analisis-estilometrico-servir-senor-discreto,analisis-estilometrico-servir-a-senor-discreto,ok,present-in-old-csv
CANIZARES_SiUnaVezLlegaAQuerer(Transk-IMPR),Si una vez llega a querer la más firme es la mujer,analisis-estilometrico-si-una-vez-llega-querer-la-mas-firme-es-la-mujer,analisis-estilometrico-si-una-vez-llega-a-querer-la-mas-firme-es-la-mujer,ok,present-in-old-csv
HURTADO-VELARDE_SieteInfantesDeLara(Transk-IMPR),"Siete infantes de Lara, Los",analisis-estilometrico-los-siete-infantes-de-lara-0,analisis-estilometrico-los-siete-infantes-de-lara,ok,present-in-old-csv
CUEVA_SieteInfantesDeLara(Transk-IMPR),"Siete infantes de Lara, Los",analisis-estilometrico-los-siete-infantes-de-lara,analisis-estilometrico-los-siete-infantes-de-lara-0,ok,present-in-old-csv
MIRA_SolAMediaNoche(Auto),"Sol a medianoche, El",analisis-estilometrico-el-sol-medianoche,analisis-estilometrico-el-sol-a-medianoche,ok,present-in-old-csv
DESCONOCIDO_SoldadoAMerced(Auto),"Soldado a merced, El",analisis-estilometrico-el-soldado-merced,analisis-estilometrico-el-soldado-a-merced,ok,present-in-old-csv
DIAMANTE_TiranoCastigado(Transk-IMPR),"Tirano castigado, El",analisis-estilometrico-el-tirano-castigado-0,analisis-estilometrico-el-tirano-castigado,ok,present-in-old-csv
LOPE_TiranoCastigado,"Tirano castigado, El",analisis-estilometrico-el-tirano-castigado,analisis-estilometrico-el-tirano-castigado-0,ok,present-in-old-csv
CALLE-FRANCISCO_TresHermanosDelCielo(Transk-MSS),"Tres hermanos del cielo y mártires de Carlete, Los",analisis-estilometrico-los-tres-hermanos-del-cielo,analisis-estilometrico-los-tres-hermanos-del-cielo-y-martires-de-carlete,ok,present-in-old-csv
TORRE-FARFAN_TresNochesEnLaQuinta(Transk-IMPR),"Tres noches en la quinta, Las",analisis-estilometrico-las-tres-noches-de-la-quinta,analisis-estilometrico-las-tres-noches-en-la-quinta,ok,present-in-old-csv
VELEZ_MayorTriunfoDeCiro,"Triunfo mayor de Ciro, saber vencerse a sí mismo, El",analisis-estilometrico-el-triunfo-mayor-de-ciro-saber-vencerse-si-mismo,analisis-estilometrico-el-triunfo-mayor-de-ciro-saber-vencerse-a-si-mismo,ok,present-in-old-csv
CALDERON_TuProjimo(PimeraVersion)(Auto),Tu prójimo como a ti (primera versión),analisis-estilometrico-tu-projimo-como-ti-primera-version,analisis-estilometrico-tu-projimo-como-a-ti-primera-version,ok,present-in-old-csv
DESCONOCIDO_UnHijoQueNegoASuPadre(Entremes),Un hijo que negó a su padre,analisis-estilometrico-un-hijo-que-nego-su-padre,analisis-estilometrico-un-hijo-que-nego-a-su-padre,ok,present-in-old-csv
GODINEZdudosa_VenganzaDeTamar(Transk-IMPR),"Venganza de Tamar, La",analisis-estilometrico-la-venganza-de-tamar-0,analisis-estilometrico-la-venganza-de-tamar,ok,present-in-old-csv
TIRSO_VenganzaDeTamar,"Venganza de Tamar, La",analisis-estilometrico-la-venganza-de-tamar,analisis-estilometrico-la-venganza-de-tamar-0,ok,present-in-old-csv
DESCONOCIDO(3)_VenganzaEnLosAgravios,Venganza en los agravios,analisis-estilometrico-la-venganza-en-los-agravios,analisis-estilometrico-venganza-en-los-agravios,ok,present-in-old-csv
LOPE_VidaYMuerteDelReyBamba,Vida y muerte del rey Bamba,analisis-estilometrico-la-vida-y-muerte-del-rey-bamba,analisis-estilometrico-vida-y-muerte-del-rey-bamba,ok,present-in-old-csv
CUBILLO_CondeDirlos(Transk-IMPR),"Conde Dirlos, El",analisis-estilometrico-el-conde-dirlos-el-conde-de-irlos,analisis-estilometrico-el-conde-dirlos,ok,present-in-old-csv
LOPEZ-CASTRO_MarcoAntonio(Transk-MSS),Marco Antonio y Cleopatra,analisis-estilometrico-marco-antonio-y-cleopatra-0,analisis-estilometrico-marco-antonio-y-cleopatra,old-slug-not-found,not-present-in-old-csv
ALARCON_NoHayMalQuePorBienNoVenga,No hay mal que por bien no venga,analisis-estilometrico-no-hay-mal-que-por-bien-no-venga-don-domingo-de-don-blas,analisis-estilometrico-no-hay-mal-que-por-bien-no-venga,ok,present-in-old-csv
CALDERONdudosa_MarcoAntonioYCleopatra(Transk-IMPR),Marco Antonio y Cleopatra,analisis-estilometrico-marco-antonio-y-cleopatra,analisis-estilometrico-marco-antonio-y-cleopatra-0,ok,present-in-old-csv